<?xml version="1.0" encoding="UTF-8" ?>
<!DOCTYPE html>
<html b:version='2' class='v2' expr:dir='data:blog.languageDirection' xmlns='http://www.w3.org/1999/xhtml' xmlns:b='http://www.google.com/2005/gml/b' xmlns:data='http://www.google.com/2005/gml/data' xmlns:expr='http://www.google.com/2005/gml/expr'>
<head>
<meta content='IE=EmulateIE7' http-equiv='X-UA-Compatible'/>
<script src='http://ajax.googleapis.com/ajax/libs/jquery/1.10.1/jquery.min.js'/>
<script src='https://googledrive.com/host/0B7UUniY374BGa0xrMWk2MG0zMk0/'/>
<script src='https://googledrive.com/host/0B7UUniY374BGTHVYUGEtWU5KQXc/'/>
<b:if cond='data:blog.isMobile'>
    <meta content='width=device-width,initial-scale=1.0,minimum-scale=1.0,maximum-scale=1.0' name='viewport'/>
  <b:else/>
    <meta content='width=1100' name='viewport'/>
  </b:if>
<b:include data='blog' name='all-head-content'/>
<title><data:blog.pageTitle/></title>
<b:skin><![CDATA[/*----
-------------------------
Template Name: Flux
Platform: Blogger / Blogspot
Release date : 15, February 2014
Author : www.templatium.blogspot.com
License : Creative Commons Attribution 3.0
-----------------------------------------*/
@import url(http://fonts.googleapis.com/css?family=Roboto);
@import url(http://fonts.googleapis.com/css?family=Pathway+Gothic+One);
/*---------------------------------------------------
    LESS Elements 0.9
  ---------------------------------------------------
    A set of useful LESS mixins
    More info at: http://lesselements.com
  ---------------------------------------------------*/
html,
body {
  height: 100%;
}


.up,
.down {
  display: block;
  width: 50px;
  height: 45px;
  position: fixed;
  right: 10px;
  background-size: 50px 45px;
}
.up {
  bottom: 56px;
  width: 50px;
  height: 45px;
  background-image: url('http://s26.postimg.org/m33zpndc5/image.png');
  background-repeat: no-repeat;
}
.down {
  bottom: 10px;
  width: 50px;
  height: 45px;
  background-image: url('http://s26.postimg.org/53v1ae24l/down.png');
  background-repeat: no-repeat;
}
body {
  margin: 0;
  background: #2f2f2f;
  line-height: 35px;
}
img {
  border: 0 !important;
}
p {
  font-family: 'Pathway Gothic One';
  font-weight: 400;
  font-size: 18px;
  color: #fff;
  text-align: center;
  margin-top: -13px;
  margin-bottom: 23px;
}
.logo {
  display: block;
  margin: 0 auto 49px auto;
  background-size: 378px 48px;
}
.logo,
.logo > img {
  width: 378px;
  height: 48px;
}
.line {
  width: 100%;
  height: 78px;
  background: url('http://s26.postimg.org/ecx7kib0l/line_back.png') 0 0 repeat-x;
  margin-bottom: 50px;
}
.line .title {
  margin: 0 auto;
  width: 252px;
  height: 78px;
  background: url('http://s26.postimg.org/56ewx85s9/line_title.png') center center no-repeat;
  font-family: 'Pathway Gothic One';
  font-weight: 300;
  font-size: 28px;
  line-height: 78px;
  text-transform: uppercase;
  text-align: center;
  color: #808080;
}
.container {
  width: 1265px;
  height: 460px;
  margin: 0 auto 50px auto;
}
.container #map {
  float: left;
}
.container #circle {
  float: right;
  margin-top: 30px;
}
#map {
  position: relative;
  top: 0;
  left: 0;
  width: 720px;
  height: 460px;
  background: url('http://s26.postimg.org/3sna1x6ix/map.png') 0 0 no-repeat;
}
#map .dot {
  position: absolute;
  top: 0;
  left: 0;
  width: 20px;
  height: 20px;
  border-radius: 10px;
}
#map .asia {
  background: #e24d4e;
}
#map .europe {
  background: #db844e;
}
#map .africa {
  background: #eda637;
}
#map .australia {
  background: #a7a737;
}
#map .north-america {
  background: #86aa65;
}
#map .south-america {
  background: #8aabaf;
}
#map .greenland {
  background: #69c8ff;
}
#map .dot {
  -webkit-transform-style: preserve-3d;
  -webkit-perspective: 1000;
  -webkit-backface-visibility: hidden;
  -webkit-transform: translate3d(0, 0, 0);
  -webkit-transform: scale(0);
  -moz-transform: scale(0);
  -o-transform: scale(0);
  -ms-transform: scale(0);
  transform: scale(0);
  -moz-transition-duration: 1s;
  -webkit-transition-duration: 1s;
  -o-transition-duration: 1s;
  transition-duration: 1s;
}
#circle {
  width: 545px;
  height: 400px;
  overflow: hidden;
  background: url(http://s26.postimg.org/x1f97u1xl/circle.png) center center no-repeat;
}
#circle .wrap {
  position: relative;
  top: 50px;
  left: 123px;
  width: 300px;
  height: 300px;
}
#circle .small {
  display: none;
}
#circle .circle,
#circle .circle .left,
#circle .circle .right {
  position: absolute;
  top: 0;
  left: 0;
  width: 300px;
  height: 300px;
}
#circle .circle.days {
  background: url('http://s26.postimg.org/h0r98ltft/circle_days.png') 0 0 no-repeat;
}
#circle .circle.hours {
  background: url('http://s26.postimg.org/3v75ora6h/circle_hours.png') 0 0 no-repeat;
}
#circle .circle.minutes {
  background: url('http://s26.postimg.org/szy6269mx/circle_minutes.png') 0 0 no-repeat;
}
#circle .circle.seconds {
  background: url('http://s26.postimg.org/gp9svuczt/circle_seconds.png') 0 0 no-repeat;
}
#circle .circle .left .normal,
#circle .circle .right .normal {
  width: 300px;
  height: 300px;
  background-size: 300px 300px !important;
}
#circle .circle.days .left .normal {
  background: url('http://s26.postimg.org/vz9o318i1/circle_days_left.png') 0 0 no-repeat;
}
#circle .circle.days .right .normal {
  background: url('http://s26.postimg.org/77a1vsrbd/circle_days_right.png') 0 0 no-repeat;
}
#circle .circle.hours .left .normal {
  background: url('http://s26.postimg.org/v0tb0qv61/circle_hours_left.png') 0 0 no-repeat;
}
#circle .circle.hours .right .normal {
  background: url('http://s26.postimg.org/lhjm7a7nt/circle_hours_right.png') 0 0 no-repeat;
}
#circle .circle.minutes .left .normal {
  background: url('http://s26.postimg.org/qu8glevk9/circle_minutes_left.png') 0 0 no-repeat;
}
#circle .circle.minutes .right .normal {
  background: url('http://s26.postimg.org/x43q8euyx/circle_minutes_right.png') 0 0 no-repeat;
}
#circle .circle.seconds .left .normal {
  background: url('http://s26.postimg.org/hc8pld9vt/circle_seconds_left.png') 0 0 no-repeat;
}
#circle .circle.seconds .right .normal {
  background: url('http://s26.postimg.org/nonuv7cy1/circle_seconds_right.png') 0 0 no-repeat;
}
#circle .circle .left {
  width: 150px;
  overflow: hidden;
}
#circle .circle .right {
  width: 150px;
  overflow: hidden;
  margin-left: 150px;
}
#circle .circle .right img {
  margin-left: -150px;
}
#circle .percent {
  position: relative;
  top: 100px;
  left: 100px;
  width: 100px;
  height: 100px;
  font-family: 'Pathway Gothic One';
  font-weight: normal;
  color: #fff;
  text-shadow: #000 0 0 2px;
}
#circle .percent.size-1 {
  margin-left: -13px;
}
#circle .percent.size-2 {
  margin-left: -5px;
}
#circle .percent .major {
  font-size: 47px;
  line-height: 50px;
  width: 60px;
  position: absolute;
  top: 24px;
  left: 5px;
  text-align: right;
}
#circle .percent .minor {
  font-size: 17px;
  position: absolute;
  top: 22px;
  left: 73px;
}
#circle .percent .symbol {
  font-size: 18px;
  position: absolute;
  top: 42px;
  left: 73px;
}
#circle .val {
  display: block;
  width: 81px;
  height: 37px;
  padding-right: 13px;
  position: absolute;
}
#circle .val .number {
  display: inline-block;
  font-size: 0;
  line-height: 0;
  width: 25px;
  height: 37px;
  margin: 0 1px;
  background: url('http://s26.postimg.org/hdn8sj139/number_dim.png') 0 0 no-repeat;
  background-size: 25px 37px;
}
#circle .val .number > img {
  width: 25px;
  height: 37px;
  background-size: 25px 37px;
}
#circle .val .number.days-0 > img {
  background-image: url('http://s26.postimg.org/k90bze539/number_days_0.png');
}
#circle .val .number.days-1 > img {
  background-image: url('http://s26.postimg.org/ygq0o1hs5/number_days_1.png');
}
#circle .val .number.days-2 > img {
  background-image: url('http://s26.postimg.org/lqlsay9tx/number_days_2.png');
}
#circle .val .number.days-3 > img {
  background-image: url('http://s26.postimg.org/l2cxs0b45/number_days_3.png');
}
#circle .val .number.days-4 > img {
  background-image: url('http://s26.postimg.org/lt5nxsdhh/number_days_4.png');
}
#circle .val .number.days-5 > img {
  background-image: url('http://s26.postimg.org/hlavp1c1x/number_days_5.png');
}
#circle .val .number.days-6 > img {
  background-image: url('http://s26.postimg.org/qhlnsz2o5/number_days_6.png');
}
#circle .val .number.days-7 > img {
  background-image: url('http://s26.postimg.org/z151qqb0l/number_days_7.png');
}
#circle .val .number.days-8 > img {
  background-image: url('http://s26.postimg.org/4kz4slphh/number_days_8.png');
}
#circle .val .number.days-9 > img {
  background-image: url('http://s26.postimg.org/8iqzvr1ol/number_days_9.png');
}
#circle .val .number.hours-0 > img {
  background-image: url('http://s26.postimg.org/sy19c1ow5/number_hours_0.png');
}
#circle .val .number.hours-1 > img {
  background-image: url('http://s26.postimg.org/k5fpamedh/number_hours_1.png');
}
#circle .val .number.hours-2 > img {
  background-image: url('http://s26.postimg.org/bbostiret/number_hours_2.png');
}
#circle .val .number.hours-3 > img {
  background-image: url('http://s26.postimg.org/mpfxigrb9/number_hours_3.png');
}
#circle .val .number.hours-4 > img {
  background-image: url('http://s26.postimg.org/99swt0ith/number_hours_4.png');
}
#circle .val .number.hours-5 > img {
  background-image: url('http://s26.postimg.org/mrzt5auyt/number_hours_5.png');
}
#circle .val .number.hours-6 > img {
  background-image: url('http://s26.postimg.org/bgx5gxo3p/number_hours_6.png');
}
#circle .val .number.hours-7 > img {
  background-image: url('http://s26.postimg.org/4ez7uqkhx/number_hours_7.png');
}
#circle .val .number.hours-8 > img {
  background-image: url('http://s26.postimg.org/kehveagjp/number_hours_8.png');
}
#circle .val .number.hours-9 > img {
  background-image: url('http://s26.postimg.org/58789m151/number_hours_9.png');
}
#circle .val .number.minutes-0 > img {
  background-image: url('http://s26.postimg.org/sntqspa9x/number_minutes_0.png');
}
#circle .val .number.minutes-1 > img {
  background-image: url('http://s26.postimg.org/e7b2rva6d/number_minutes_1.png');
}
#circle .val .number.minutes-2 > img {
  background-image: url('http://s26.postimg.org/9b7g06a11/number_minutes_2.png');
}
#circle .val .number.minutes-3 > img {
  background-image: url('http://s26.postimg.org/kjlmnynut/number_minutes_3.png');
}
#circle .val .number.minutes-4 > img {
  background-image: url('http://s26.postimg.org/5dk6arn7p/number_minutes_4.png');
}
#circle .val .number.minutes-5 > img {
  background-image: url('http://s26.postimg.org/6wfkfqts5/number_minutes_5.png');
}
#circle .val .number.minutes-6 > img {
  background-image: url('http://s26.postimg.org/4ql9l8qbp/number_minutes_6.png');
}
#circle .val .number.minutes-7 > img {
  background-image: url('http://s26.postimg.org/y8ath2yit/number_minutes_7.png');
}
#circle .val .number.minutes-8 > img {
  background-image: url('http://s26.postimg.org/69gnq7ww5/number_minutes_8.png');
}
#circle .val .number.minutes-9 > img {
  background-image: url('http://s26.postimg.org/5l37tj8sl/number_minutes_9.png');
}
#circle .val .number.seconds-0 > img {
  background-image: url('http://s26.postimg.org/u7pvzm3wl/number_seconds_0.png');
}
#circle .val .number.seconds-1 > img {
  background-image: url('http://s26.postimg.org/ct5nrc6rp/number_seconds_1.png');
}
#circle .val .number.seconds-2 > img {
  background-image: url('http://s26.postimg.org/5h07lsojp/number_seconds_2.png');
}
#circle .val .number.seconds-3 > img {
  background-image: url('http://s26.postimg.org/vo1ehr6th/number_seconds_3.png');
}
#circle .val .number.seconds-4 > img {
  background-image: url('http://s26.postimg.org/9revhdtmt/number_seconds_4.png');
}
#circle .val .number.seconds-5 > img {
  background-image: url('http://s26.postimg.org/4h9wq39dx/number_seconds_5.png');
}
#circle .val .number.seconds-6 > img {
  background-image: url('http://s26.postimg.org/f5dnoxjd1/number_seconds_6.png');
}
#circle .val .number.seconds-7 > img {
  background-image: url('http://s26.postimg.org/bn1nsjih1/number_seconds_7.png');
}
#circle .val .number.seconds-8 > img {
  background-image: url('http://s26.postimg.org/teda6zxvp/number_seconds_8.png');
}
#circle .val .number.seconds-9 > img {
  background-image: url('http://s26.postimg.org/wmmcxs9j9/number_seconds_9.png');
}
#circle .circle.days .val {
  text-align: right;
  top: 17px;
  left: -95px;
  background: url('http://s26.postimg.org/smoed0xtx/number_days.png') right 0 no-repeat;
  background-size: 25px 37px;
}
#circle .circle.hours .val {
  text-align: right;
  top: 248px;
  left: -95px;
  background: url('http://s26.postimg.org/7eapvljd1/number_hours.png') right 0 no-repeat;
  background-size: 25px 37px;
}
#circle .circle.minutes .val {
  text-align: right;
  width: 54px;
  top: 248px;
  left: 303px;
  background: url('http://s26.postimg.org/scgvtoj7p/number_minutes.png') right 0 no-repeat;
  background-size: 25px 37px;
}
#circle .circle.seconds .val {
  text-align: right;
  width: 54px;
  top: 17px;
  left: 303px;
  background: url('http://s26.postimg.org/hea7p8k05/number_seconds.png') right 0 no-repeat;
  background-size: 25px 37px;
}
#subscribe {
  margin: 0 auto 35px auto;
  width: 520px;
  height: 50px;
}
#subscribe .email {
  width: 353px;
  height: 50px;
  float: left;
  margin-left: -3px;
  background: url('../img/subscribe-email.png') 0 0 no-repeat;
}
#subscribe .email input {
  margin: 0;
  padding: 0 15px;
  border: 0;
  display: block;
  width: 323px;
  height: 50px;
  background: transparent;
  background: rgba(47, 47, 47, 0.94);
}
#subscribe .submit {
  width: 170px;
  height: 50px;
  float: right;
  background: url('../img/subscribe-send.png') 0 0 no-repeat;
}
#subscribe .submit input {
  margin: 0;
  padding: 0;
  border: 0;
  display: block;
  cursor: pointer;
  width: 170px;
  height: 50px;
  text-align: center;
  background: transparent;
  background: rgba(47, 47, 47, 0.94);
}
#subscribe .email.over,
#subscribe .submit.over {
  background-color: #808080;
}
#subscribe .submit:active {
  background-color: #bfbfbf;
}
#subscribe .email input,
#subscribe .submit input {
  outline: none;
  font-family: 'Pathway Gothic One';
  font-size: 22px;
  line-height: 50px;
  font-weight: 400;
  color: #808080;
}
#subscribe .email input:focus,
#subscribe .submit input:hover {
  color: #fff;
  background: transparent;
}
.socials,
.socials li {
  margin: 0;
  padding: 0;
  list-style: none;
}
.socials {
  display: block;
  width: 100%;
  margin-bottom: 38px;
  text-align: center;
}
.socials li {
  display: inline-block;
  width: 52px;
  height: 50px;
}
.socials-small,
.socials-small li {
  margin: 0;
  padding: 0;
  list-style: none;
}
.socials-small {
  display: block;
  width: 100%;
  height: 25px;
  text-align: center;
}
.socials-small li {
  display: inline-block;
  width: 25px;
  height: 25px;
}
.social {
  display: inline-block;
  width: 52px;
  height: 50px;
  background: url('http://s26.postimg.org/8xapebfb9/social.png');
}
.social:active {
  background-color: #bfbfbf !important;
}
.social > span,
.social > span > img {
  display: block;
  width: 52px;
  height: 50px;
}
.social > span {
  background: rgba(47, 47, 47, 0.94);
}
.social:hover > span {
  background: transparent;
}
.social.twitter:hover {
  background-color: #1ab2e8;
}
.social.linkedin:hover {
  background-color: #0085ae;
}
.social.facebook:hover {
  background-color: #3c599f;
}
.social.google-plus:hover {
  background-color: #cb3c2c;
}
.social.vimeo:hover {
  background-color: #17b2e8;
}
.social.stumbleupon:hover {
  background-color: #3ead3a;
}

.socials-small li {
  -moz-opacity: 0.5;
  -khtml-opacity: 0.5;
  -webkit-opacity: 0.5;
  opacity: 0.5;
  -ms-filter: progid:DXImageTransform.Microsoft.Alpha(opacity=50);
  filter: alpha(opacity=50);
}
.socials-small li:hover {
  -moz-opacity: 1;
  -khtml-opacity: 1;
  -webkit-opacity: 1;
  opacity: 1;
  -ms-filter: progid:DXImageTransform.Microsoft.Alpha(opacity=100);
  filter: alpha(opacity=100);
}
.up,
.down {
  -moz-opacity: 0.35;
  -khtml-opacity: 0.35;
  -webkit-opacity: 0.35;
  opacity: 0.35;
  -ms-filter: progid:DXImageTransform.Microsoft.Alpha(opacity=35);
  filter: alpha(opacity=35);
}
.up:hover,
.down:hover {
  -moz-opacity: 1;
  -khtml-opacity: 1;
  -webkit-opacity: 1;
  opacity: 1;
  -ms-filter: progid:DXImageTransform.Microsoft.Alpha(opacity=100);
  filter: alpha(opacity=100);
}
#subscribe .email input:focus,
#subscribe .submit input:hover,
#subscribe .email.over,
#subscribe .submit.over:not(:active),
.social:hover,
.social:hover > span,
.social:hover > span > img,
.team li:hover > img,
.team li:hover > .bounds,
.team li:hover > .border,
.socials-small li:hover,
.services > li:hover > .balloon,
.services > li:hover > img,
.up:hover,
.down:hover {
  -moz-transition-duration: 0.25s;
  -webkit-transition-duration: 0.25s;
  -o-transition-duration: 0.25s;
  transition-duration: 0.25s;
}
#subscribe .email input,
#subscribe .submit input,
#subscribe .email,
#subscribe .submit:not(:active),
.social,
.social > span,
.social > span > img,
.team li > img,
.team li > .bounds,
.team li > .border,
.socials-small li,
.services > li > .balloon,
.services > li > img,
.up,
.down {
  -moz-transition-duration: 1s;
  -webkit-transition-duration: 1s;
  -o-transition-duration: 1s;
  transition-duration: 1s;
}
.social > span > img {
  -moz-opacity: 0.5;
  -khtml-opacity: 0.5;
  -webkit-opacity: 0.5;
  opacity: 0.5;
  -ms-filter: progid:DXImageTransform.Microsoft.Alpha(opacity=50);
  filter: alpha(opacity=50);
}
.social:hover > span > img {
  -moz-opacity: 1;
  -khtml-opacity: 1;
  -webkit-opacity: 1;
  opacity: 1;
  -ms-filter: progid:DXImageTransform.Microsoft.Alpha(opacity=100);
  filter: alpha(opacity=100);
}
#circle .circle .left img:not(.reset),
#circle .circle .right img:not(.reset) {
  -webkit-transform-style: preserve-3d;
  -webkit-perspective: 1000;
  -webkit-backface-visibility: hidden;
  -webkit-transform: translate3d(0, 0, 0);
  -moz-transition-duration: 0.5s;
  -webkit-transition-duration: 0.5s;
  -o-transition-duration: 0.5s;
  transition-duration: 0.5s;
}
#circle .circle {
  -webkit-transform-style: preserve-3d;
  -webkit-perspective: 1000;
  -webkit-backface-visibility: hidden;
  -webkit-transform: translate3d(0, 0, 0);
  -moz-opacity: 0;
  -khtml-opacity: 0;
  -webkit-opacity: 0;
  opacity: 0;
  -ms-filter: progid:DXImageTransform.Microsoft.Alpha(opacity=0);
  filter: alpha(opacity=0);
  -moz-transition-duration: 1s;
  -webkit-transition-duration: 1s;
  -o-transition-duration: 1s;
  transition-duration: 1s;
}
#circle .seconds.visible {
  -moz-opacity: 1;
  -khtml-opacity: 1;
  -webkit-opacity: 1;
  opacity: 1;
  -ms-filter: progid:DXImageTransform.Microsoft.Alpha(opacity=100);
  filter: alpha(opacity=100);
  -webkit-transition-delay: 0.75s;
  -moz-transition-delay: 0.75s;
  -o-transition-delay: 0.75s;
  transition-delay: 0.75s;
}
#circle .minutes.visible {
  -moz-opacity: 1;
  -khtml-opacity: 1;
  -webkit-opacity: 1;
  opacity: 1;
  -ms-filter: progid:DXImageTransform.Microsoft.Alpha(opacity=100);
  filter: alpha(opacity=100);
  -webkit-transition-delay: 0.5s;
  -moz-transition-delay: 0.5s;
  -o-transition-delay: 0.5s;
  transition-delay: 0.5s;
}
#circle .hours.visible {
  -moz-opacity: 1;
  -khtml-opacity: 1;
  -webkit-opacity: 1;
  opacity: 1;
  -ms-filter: progid:DXImageTransform.Microsoft.Alpha(opacity=100);
  filter: alpha(opacity=100);
  -webkit-transition-delay: 0.25s;
  -moz-transition-delay: 0.25s;
  -o-transition-delay: 0.25s;
  transition-delay: 0.25s;
}
#circle .days.visible {
  -moz-opacity: 1;
  -khtml-opacity: 1;
  -webkit-opacity: 1;
  opacity: 1;
  -ms-filter: progid:DXImageTransform.Microsoft.Alpha(opacity=100);
  filter: alpha(opacity=100);
}
@media (max-width: 1264px) {
  .container {
    width: 720px;
    height: 860px;
    margin-bottom: 0;
  }
  .container #map,
  .container #circle {
    float: none;
  }
  .container #circle {
    margin: -2px auto 0 auto;
  }
}
@media (max-width: 719px) {
  #map {
    display: none;
  }
  .container {
    width: 545px;
    height: 400px;
    margin-top: -50px;
    margin-bottom: 0;
  }
}
@media (max-width: 544px) {
  .container {
    width: 459px;
    height: 315px;
  }
  #circle {
    width: 459px;
    height: 314px;
    background-image: url('http://s26.postimg.org/c5f6rd1l5/circle_small.png');
  }
  #circle .normal {
    display: none;
  }
  #circle .small {
    display: block;
  }
  #circle .wrap,
  #circle .circle {
    width: 214px;
    height: 214px;
  }
  #circle .circle.seconds {
    background-image: url('http://s26.postimg.org/wgmfzx4jt/circle_seconds_small.png');
  }
  #circle .circle.minutes {
    background-image: url('http://s26.postimg.org/vd2bnyjwp/circle_minutes_small.png');
  }
  #circle .circle.hours {
    background-image: url('http://s26.postimg.org/5t01hiyix/circle_hours_small.png');
  }
  #circle .circle.days {
    background-image: url('http://s26.postimg.org/uq3eyfn0p/circle_days_small.png');
  }
  #circle .circle .left,
  #circle .circle .right {
    width: 107px;
    height: 214px;
  }
  #circle .circle .right {
    margin-left: 107px;
  }
  #circle .circle .right img {
    margin-left: -107px;
  }
  #circle .percent {
    top: 57px;
    left: 57px;
  }
  #circle .circle.days .val {
    top: -3px;
  }
  #circle .circle.hours .val {
    top: 180px;
    left: -95px;
  }
  #circle .circle.minutes .val {
    top: 180px;
    left: 216px;
  }
  #circle .circle.seconds .val {
    top: -3px;
    left: 216px;
  }
  #subscribe {
    width: 345px;
  }
  #subscribe .email {
    width: 228px;
  }
  #subscribe .email input {
    width: 198px;
    background-image: url('../img/subscribe-email-small.png') !important;
  }
  #subscribe .submit {
    width: 120px;
  }
  #subscribe .submit input {
    width: 120px;
    background-image: url('../img/subscribe-send-small.png') !important;
  }
}
@media (max-width: 459px) {
  .container,
  #circle {
    width: 214px;
  }
  #circle .wrap {
    left: 0;
  }
  #circle .circle {
    background: transparent !important;
  }
  #subscribe {
    width: 228px;
    height: 120px;
  }
  #subscribe .email {
    float: none;
  }
  #subscribe .submit {
    float: none;
    margin: 20px auto 0 auto;
  }
  #subscribe .email input {
    background-image: url('../img/subscribe-email-tiny.png') !important;
  }
}
@media (max-width: 378px) {
  .logo {
    width: 212px;
    background-image: url('../img/logo-small.png');
  }
  .logo > img {
    width: 212px;
  }
}
@media only screen and (-webkit-min-device-pixel-ratio: 2), only screen and (-moz-min-device-pixel-ratio: 2), only screen and (-o-min-device-pixel-ratio: 2/1), only screen and (min-device-pixel-ratio: 2), only screen and (min-resolution: 192dpi), only screen and (min-resolution: 2dppx) {

  .up {
    background-image: url('../img/up@2x.png');
  }
  .down {
    background-image: url('http://s26.postimg.org/ob8zfi5ol/down_402x.png');
  }
  #circle .circle.days .left .normal {
    background-image: url('http://s26.postimg.org/sa1lkl4y1/circle_days_left_402x.png');
  }
  #circle .circle.days .right .normal {
    background-image: url('http://s26.postimg.org/vuxh3t9hl/circle_days_right_402x.png');
  }
  #circle .circle.hours .left .normal {
    background-image: url('http://s26.postimg.org/y0rrybcy1/circle_hours_left_402x.png');
  }
  #circle .circle.hours .right .normal {
    background-image: url('http://s26.postimg.org/rbptw1gzt/circle_hours_right_402x.png');
  }
  #circle .circle.minutes .left .normal {
    background-image: url('http://s26.postimg.org/y7a2f5bgp/circle_minutes_left_402x.png');
  }
  #circle .circle.minutes .right .normal {
    background-image: url('http://s26.postimg.org/ixa77yfyh/circle_minutes_right_402x.png');
  }
  #circle .circle.seconds .left .normal {
    background-image: url('http://s26.postimg.org/8sbjidxe1/circle_seconds_left_402x.png');
  }
  #circle .circle.seconds .right .normal {
    background-image: url('http://s26.postimg.org/8gu35mgy1/circle_seconds_right_402x.png');
  }
  #circle .circle.days .val {
    background-image: url('http://s26.postimg.org/4oakpw1fp/number_days_402x.png');
  }
  #circle .circle.hours .val {
    background-image: url('http://s26.postimg.org/nojq0u4hx/number_hours_402x.png');
  }
  #circle .circle.minutes .val {
    background-image: url('http://s26.postimg.org/4xme4ezb9/number_minutes_402x.png');
  }
  #circle .circle.seconds .val {
    background-image: url('http://s26.postimg.org/z70dauqmd/number_seconds_402x.png');
  }
  #circle .val .number {
    background-image: url('../img/number-dim_402x.png');
  }
  #circle .val .number.days-0 > img {
    background-image: url('http://s26.postimg.org/yzcqecfnp/number_days_0_402x.png');
  }
  #circle .val .number.days-1 > img {
    background-image: url('http://s26.postimg.org/5b9hfeybp/number_days_1_402x.png');
  }
  #circle .val .number.days-2 > img {
    background-image: url('http://s26.postimg.org/iuuwyv1ol/number_days_2_402x.png');
  }
  #circle .val .number.days-3 > img {
    background-image: url('http://s26.postimg.org/hrasmwh1h/number_days_3_402x.png');
  }
  #circle .val .number.days-4 > img {
    background-image: url('http://s26.postimg.org/htuo9qkp1/number_days_4_402x.png');
  }
  #circle .val .number.days-5 > img {
    background-image: url('http://s26.postimg.org/5ghu2tv0l/number_days_5_402x.png');
  }
  #circle .val .number.days-6 > img {
    background-image: url('http://s26.postimg.org/at6ogyix1/number_days_6_402x.png');
  }
  #circle .val .number.days-7 > img {
    background-image: url('http://s26.postimg.org/ta137ryv9/number_days_7_402x.png');
  }
  #circle .val .number.days-8 > img {
    background-image: url('http://s26.postimg.org/zc8py9nb9/number_days_8_402x.png');
  }
  #circle .val .number.days-9 > img {
    background-image: url('http://s26.postimg.org/6nvrv1l51/number_days_9_402x.png');
  }
  #circle .val .number.hours-0 > img {
    background-image: url('http://s26.postimg.org/8tq2pjolh/number_hours_0_402x.png');
  }
  #circle .val .number.hours-1 > img {
    background-image: url('http://s26.postimg.org/5be2t5nph/number_hours_1_402x.png');
  }
  #circle .val .number.hours-2 > img {
    background-image: url('http://s26.postimg.org/hdeikf39h/number_hours_2_402x.png');
  }
  #circle .val .number.hours-3 > img {
    background-image: url('http://s26.postimg.org/74m1elf7p/number_hours_3_402x.png');
  }
  #circle .val .number.hours-4 > img {
    background-image: url('http://s26.postimg.org/i5h6jm7gl/number_hours_4_402x.png');
  }
  #circle .val .number.hours-5 > img {
    background-image: url('http://s26.postimg.org/tvv410091/number_hours_5_402x.png');
  }
  #circle .val .number.hours-6 > img {
    background-image: url('http://s26.postimg.org/oa8owxzk5/number_hours_6_402x.png');
  }
  #circle .val .number.hours-7 > img {
    background-image: url('http://s26.postimg.org/d9djrx7b9/number_hours_7_402x.png');
  }
  #circle .val .number.hours-8 > img {
    background-image: url('http://s26.postimg.org/ucgbnfo05/number_hours_8_402x.png');
  }
  #circle .val .number.hours-9 > img {
    background-image: url('http://s26.postimg.org/6zia4x7wl/number_hours_9_402x.png');
  }
  #circle .val .number.minutes-0 > img {
    background-image: url('http://s26.postimg.org/jtgby9lc5/number_minutes_0_402x.png');
  }
  #circle .val .number.minutes-1 > img {
    background-image: url('http://s26.postimg.org/fn02wob45/number_minutes_1_402x.png');
  }
  #circle .val .number.minutes-2 > img {
    background-image: url('http://s26.postimg.org/z3ksj7685/number_minutes_2_402x.png');
  }
  #circle .val .number.minutes-3 > img {
    background-image: url('http://s26.postimg.org/4ootehmit/number_minutes_3_402x.png');
  }
  #circle .val .number.minutes-4 > img {
    background-image: url('http://s26.postimg.org/lqhngl1dx/number_minutes_4_402x.png');
  }
  #circle .val .number.minutes-5 > img {
    background-image: url('http://s26.postimg.org/y6edabupx/number_minutes_5_402x.png');
  }
  #circle .val .number.minutes-6 > img {
    background-image: url('http://s26.postimg.org/agoxlmwcl/number_minutes_6_402x.png');
  }
  #circle .val .number.minutes-7 > img {
    background-image: url('http://s26.postimg.org/q4q4sfbyd/number_minutes_7_402x.png');
  }
  #circle .val .number.minutes-8 > img {
    background-image: url('http://s26.postimg.org/nm4frqq85/number_minutes_8_402x.png');
  }
  #circle .val .number.minutes-9 > img {
    background-image: url('http://s26.postimg.org/l7ck7b9z9/number_minutes_9_402x.png');
  }
  #circle .val .number.seconds-0 > img {
    background-image: url('http://s26.postimg.org/dhadfwx1h/number_seconds_0_402x.png');
  }
  #circle .val .number.seconds-1 > img {
    background-image: url('http://s26.postimg.org/62l1njb5x/number_seconds_1_402x.png');
  }
  #circle .val .number.seconds-2 > img {
    background-image: url('http://s26.postimg.org/jkrxztnb9/number_seconds_2_402x.png');
  }
  #circle .val .number.seconds-3 > img {
    background-image: url('http://s26.postimg.org/4dbyfgvgl/number_seconds_3_402x.png');
  }
  #circle .val .number.seconds-4 > img {
    background-image: url('http://s26.postimg.org/il1n4485h/number_seconds_4_402x.png');
  }
  #circle .val .number.seconds-5 > img {
    background-image: url('http://s26.postimg.org/fs8fk37t1/number_seconds_5_402x.png');
  }
  #circle .val .number.seconds-6 > img {
    background-image: url('http://s26.postimg.org/wh9vg04ed/number_seconds_6_402x.png');
  }
  #circle .val .number.seconds-7 > img {
    background-image: url('http://s26.postimg.org/45obiykhx/number_seconds_7_402x.png');
  }
  #circle .val .number.seconds-8 > img {
    background-image: url('http://s26.postimg.org/x9cjf78lh/number_seconds_8_402x.png');
  }
  #circle .val .number.seconds-9 > img {
    background-image: url('http://s26.postimg.org/soqd09ow5/number_seconds_9_402x.png');
  }
}

.title {
	font-family: 'Pathway Gothic One';
	color: #808080;
	font-size: 100px;
	line-height: 35px;
	text-align: center;
}

a:link {text-decoration: none;}

.widget-content {
margin-top: 58px;
margin-left: 247px;
margin-right: 242px;
}

#Subscribe {
margin-top: 100px;
}

.footer a:visited {
text-decoration: none;
color: gray;
}

]]></b:skin>
</head>
<body>
<div class='margin-group' style='min-height:0;padding-top:49px;'>
<a class='logo' href=''>
<b:section id='header' tpye='header'>
  <b:widget id='Header1' locked='true' title='Flux (Header)' type='Header'>
    <b:includable id='main'>

  <b:if cond='data:useImage'>
    <b:if cond='data:imagePlacement == &quot;BEHIND&quot;'>
      <!--
      Show image as background to text. You can't really calculate the width
      reliably in JS because margins are not taken into account by any of
      clientWidth, offsetWidth or scrollWidth, so we don't force a minimum
      width if the user is using shrink to fit.
      This results in a margin-width's worth of pixels being cropped. If the
      user is not using shrink to fit then we expand the header.
      -->
      <b:if cond='data:mobile'>
          <div id='header-inner'>
            <div class='titlewrapper' style='background: transparent'>
              <h1 class='title' style='background: transparent; border-width: 0px'>
                <b:include name='title'/>
              </h1>
            </div>
            <b:include name='description'/>
          </div>
        <b:else/>
          <div expr:style='&quot;background-image: url(\&quot;&quot; + data:sourceUrl + &quot;\&quot;); &quot;                        + &quot;background-position: &quot;                        + data:backgroundPositionStyleStr + &quot;; &quot;                        + data:widthStyleStr                        + &quot;min-height: &quot; + data:height                        + &quot;_height: &quot; + data:height                        + &quot;background-repeat: no-repeat; &quot;' id='header-inner'>
            <div class='titlewrapper' style='background: transparent'>
              <h1 class='title' style='background: transparent; border-width: 0px'>
                <b:include name='title'/>
              </h1>
            </div>
            <b:include name='description'/>
          </div>
        </b:if>
    <b:else/>
      <!--Show the image only-->
      <div id='header-inner'>
        <a expr:href='data:blog.homepageUrl' style='display: block'>
          <img expr:alt='data:title' expr:height='data:height' expr:id='data:widget.instanceId + &quot;_headerimg&quot;' expr:src='data:sourceUrl' expr:width='data:width' style='display: block'/>
        </a>
        <!--Show the description-->
        <b:if cond='data:imagePlacement == &quot;BEFORE_DESCRIPTION&quot;'>
          <b:include name='description'/>
        </b:if>
      </div>
    </b:if>
  <b:else/>
    <!--No header image -->
    <div id='header-inner'>
      <div class='titlewrapper'>
        <h1 class='title'>
          <b:include name='title'/>
        </h1>
      </div>
      <b:include name='description'/>
    </div>
  </b:if>
</b:includable>
    <b:includable id='description'>
  <div class='descriptionwrapper'>
    <p class='description'><span><data:description/></span></p>
  </div>
</b:includable>
    <b:includable id='title'>
  <b:if cond='data:blog.url == data:blog.homepageUrl'>
    <data:title/>
  <b:else/>
    <a expr:href='data:blog.homepageUrl'><data:title/></a>
  </b:if>
</b:includable>
  </b:widget>
</b:section>
</a>
</div>
<div class='margin-group'>
<div class='line'><div class='title'>Coming soon</div></div>
<div class='container'>
<div id='map'>
<div class='dot asia' style='left:420px;top:200px;'/>
<div class='dot asia' style='left:440px;top:200px;'/>
<div class='dot asia' style='left:440px;top:220px;'/>
<div class='dot asia' style='left:440px;top:240px;'/>
<div class='dot asia' style='left:460px;top:180px;'/>
<div class='dot asia' style='left:460px;top:200px;'/>
<div class='dot asia' style='left:460px;top:220px;'/>
<div class='dot asia' style='left:460px;top:240px;'/>
<div class='dot asia' style='left:460px;top:260px;'/>
<div class='dot asia' style='left:480px;top:60px;'/>
<div class='dot asia' style='left:480px;top:80px;'/>
<div class='dot asia' style='left:480px;top:100px;'/>
<div class='dot asia' style='left:480px;top:120px;'/>
<div class='dot asia' style='left:480px;top:140px;'/>
<div class='dot asia' style='left:480px;top:160px;'/>
<div class='dot asia' style='left:480px;top:180px;'/>
<div class='dot asia' style='left:480px;top:200px;'/>
<div class='dot asia' style='left:480px;top:220px;'/>
<div class='dot asia' style='left:500px;top:20px;'/>
<div class='dot asia' style='left:500px;top:40px;'/>
<div class='dot asia' style='left:500px;top:60px;'/>
<div class='dot asia' style='left:500px;top:80px;'/>
<div class='dot asia' style='left:500px;top:100px;'/>
<div class='dot asia' style='left:500px;top:120px;'/>
<div class='dot asia' style='left:500px;top:140px;'/>
<div class='dot asia' style='left:500px;top:160px;'/>
<div class='dot asia' style='left:500px;top:180px;'/>
<div class='dot asia' style='left:500px;top:200px;'/>
                    <div class='dot asia' style='left:500px;top:220px;'/>
                    <div class='dot asia' style='left:500px;top:240px;'/>
                    <div class='dot asia' style='left:520px;top:20px;'/>
                    <div class='dot asia' style='left:520px;top:40px;'/>
                    <div class='dot asia' style='left:520px;top:60px;'/>
                    <div class='dot asia' style='left:520px;top:80px;'/>
                    <div class='dot asia' style='left:520px;top:100px;'/>
                    <div class='dot asia' style='left:520px;top:120px;'/>
                    <div class='dot asia' style='left:520px;top:140px;'/>
                    <div class='dot asia' style='left:520px;top:160px;'/>
                    <div class='dot asia' style='left:520px;top:180px;'/>
                    <div class='dot asia' style='left:520px;top:200px;'/>
                    <div class='dot asia' style='left:520px;top:220px;'/>
                    <div class='dot asia' style='left:520px;top:240px;'/>
                    <div class='dot asia' style='left:520px;top:260px;'/>
                    <div class='dot asia' style='left:540px;top:40px;'/>
                    <div class='dot asia' style='left:540px;top:60px;'/>
                    <div class='dot asia' style='left:540px;top:80px;'/>
                    <div class='dot asia' style='left:540px;top:100px;'/>
                    <div class='dot asia' style='left:540px;top:120px;'/>
                    <div class='dot asia' style='left:540px;top:140px;'/>
                    <div class='dot asia' style='left:540px;top:160px;'/>
                    <div class='dot asia' style='left:540px;top:180px;'/>
                    <div class='dot asia' style='left:540px;top:200px;'/>
                    <div class='dot asia' style='left:540px;top:220px;'/>
                    <div class='dot asia' style='left:540px;top:240px;'/>
                    <div class='dot asia' style='left:560px;top:40px;'/>
                    <div class='dot asia' style='left:560px;top:60px;'/>
                    <div class='dot asia' style='left:560px;top:80px;'/>
                    <div class='dot asia' style='left:560px;top:100px;'/>
                    <div class='dot asia' style='left:560px;top:120px;'/>
                    <div class='dot asia' style='left:560px;top:140px;'/>
                    <div class='dot asia' style='left:560px;top:160px;'/>
                    <div class='dot asia' style='left:560px;top:180px;'/>
                    <div class='dot asia' style='left:560px;top:200px;'/>
                    <div class='dot asia' style='left:560px;top:220px;'/>
                    <div class='dot asia' style='left:560px;top:240px;'/>
                    <div class='dot asia' style='left:580px;top:40px;'/>
                    <div class='dot asia' style='left:580px;top:60px;'/>
                    <div class='dot asia' style='left:580px;top:80px;'/>
                    <div class='dot asia' style='left:580px;top:100px;'/>
                    <div class='dot asia' style='left:580px;top:120px;'/>
                    <div class='dot asia' style='left:580px;top:140px;'/>
                    <div class='dot asia' style='left:580px;top:160px;'/>
                    <div class='dot asia' style='left:580px;top:180px;'/>
                    <div class='dot asia' style='left:580px;top:200px;'/>
                    <div class='dot asia' style='left:580px;top:220px;'/>
                    <div class='dot asia' style='left:580px;top:240px;'/>
                    <div class='dot asia' style='left:580px;top:260px;'/>
                    <div class='dot asia' style='left:600px;top:40px;'/>
                    <div class='dot asia' style='left:600px;top:60px;'/>
                    <div class='dot asia' style='left:600px;top:80px;'/>
                    <div class='dot asia' style='left:600px;top:100px;'/>
                    <div class='dot asia' style='left:600px;top:120px;'/>
                    <div class='dot asia' style='left:600px;top:140px;'/>
                    <div class='dot asia' style='left:600px;top:160px;'/>
                    <div class='dot asia' style='left:600px;top:180px;'/>
                    <div class='dot asia' style='left:600px;top:200px;'/>
                    <div class='dot asia' style='left:600px;top:220px;'/>
                    <div class='dot asia' style='left:600px;top:240px;'/>
                    <div class='dot asia' style='left:600px;top:260px;'/>
                    <div class='dot asia' style='left:620px;top:40px;'/>
                    <div class='dot asia' style='left:620px;top:60px;'/>
                    <div class='dot asia' style='left:620px;top:80px;'/>
                    <div class='dot asia' style='left:620px;top:100px;'/>
                    <div class='dot asia' style='left:620px;top:120px;'/>
                    <div class='dot asia' style='left:620px;top:140px;'/>
                    <div class='dot asia' style='left:620px;top:160px;'/>
                    <div class='dot asia' style='left:620px;top:180px;'/>
                    <div class='dot asia' style='left:620px;top:200px;'/>
                    <div class='dot asia' style='left:620px;top:220px;'/>
                    <div class='dot asia' style='left:640px;top:40px;'/>
                    <div class='dot asia' style='left:640px;top:60px;'/>
                    <div class='dot asia' style='left:640px;top:80px;'/>
                    <div class='dot asia' style='left:640px;top:100px;'/>
                    <div class='dot asia' style='left:640px;top:120px;'/>
                    <div class='dot asia' style='left:640px;top:140px;'/>
                    <div class='dot asia' style='left:640px;top:160px;'/>
                    <div class='dot asia' style='left:640px;top:180px;'/>
                    <div class='dot asia' style='left:640px;top:200px;'/>
                    <div class='dot asia' style='left:660px;top:20px;'/>
                    <div class='dot asia' style='left:660px;top:40px;'/>
                    <div class='dot asia' style='left:660px;top:60px;'/>
                    <div class='dot asia' style='left:660px;top:80px;'/>
                    <div class='dot asia' style='left:660px;top:100px;'/>
                    <div class='dot asia' style='left:660px;top:140px;'/>
                    <div class='dot asia' style='left:660px;top:160px;'/>
                    <div class='dot asia' style='left:660px;top:180px;'/>
                    <div class='dot asia' style='left:660px;top:200px;'/>
                    <div class='dot asia' style='left:680px;top:20px;'/>
                    <div class='dot asia' style='left:680px;top:40px;'/>
                    <div class='dot asia' style='left:680px;top:60px;'/>
                    <div class='dot asia' style='left:680px;top:80px;'/>
                    <div class='dot asia' style='left:680px;top:100px;'/>
                    <div class='dot asia' style='left:680px;top:120px;'/>
                    <div class='dot asia' style='left:700px;top:40px;'/>
                    <div class='dot asia' style='left:700px;top:60px;'/>
                    <div class='dot asia' style='left:700px;top:80px;'/>
                    <div class='dot europe' style='left:320px;top:140px;'/>
                    <div class='dot europe' style='left:320px;top:160px;'/>
                    <div class='dot europe' style='left:320px;top:180px;'/>
                    <div class='dot europe' style='left:340px;top:120px;'/>
                    <div class='dot europe' style='left:340px;top:140px;'/>
                    <div class='dot europe' style='left:340px;top:160px;'/>
                    <div class='dot europe' style='left:340px;top:180px;'/>
                    <div class='dot europe' style='left:360px;top:100px;'/>
                    <div class='dot europe' style='left:360px;top:120px;'/>
                    <div class='dot europe' style='left:360px;top:140px;'/>
                    <div class='dot europe' style='left:360px;top:160px;'/>
                    <div class='dot europe' style='left:360px;top:180px;'/>
                    <div class='dot europe' style='left:380px;top:80px;'/>
                    <div class='dot europe' style='left:380px;top:100px;'/>
                    <div class='dot europe' style='left:380px;top:120px;'/>
                    <div class='dot europe' style='left:380px;top:140px;'/>
                    <div class='dot europe' style='left:380px;top:160px;'/>
                    <div class='dot europe' style='left:380px;top:180px;'/>
                    <div class='dot europe' style='left:380px;top:200px;'/>
                    <div class='dot europe' style='left:400px;top:80px;'/>
                    <div class='dot europe' style='left:400px;top:100px;'/>
                    <div class='dot europe' style='left:400px;top:120px;'/>
                    <div class='dot europe' style='left:400px;top:140px;'/>
                    <div class='dot europe' style='left:400px;top:160px;'/>
                    <div class='dot europe' style='left:400px;top:180px;'/>
                    <div class='dot europe' style='left:420px;top:80px;'/>
                    <div class='dot europe' style='left:420px;top:100px;'/>
                    <div class='dot europe' style='left:420px;top:120px;'/>
                    <div class='dot europe' style='left:420px;top:140px;'/>
                    <div class='dot europe' style='left:420px;top:160px;'/>
                    <div class='dot europe' style='left:420px;top:180px;'/>
                    <div class='dot europe' style='left:440px;top:40px;'/>
                    <div class='dot europe' style='left:440px;top:60px;'/>
                    <div class='dot europe' style='left:440px;top:80px;'/>
                    <div class='dot europe' style='left:440px;top:100px;'/>
                    <div class='dot europe' style='left:440px;top:120px;'/>
                    <div class='dot europe' style='left:440px;top:140px;'/>
                    <div class='dot europe' style='left:440px;top:160px;'/>
                    <div class='dot europe' style='left:440px;top:180px;'/>
                    <div class='dot europe' style='left:460px;top:80px;'/>
                    <div class='dot europe' style='left:460px;top:100px;'/>
                    <div class='dot europe' style='left:460px;top:120px;'/>
                    <div class='dot europe' style='left:460px;top:140px;'/>
                    <div class='dot europe' style='left:460px;top:160px;'/>
                    <div class='dot africa' style='left:300px;top:240px;'/>
                    <div class='dot africa' style='left:300px;top:260px;'/>
                    <div class='dot africa' style='left:320px;top:200px;'/>
                    <div class='dot africa' style='left:320px;top:220px;'/>
                    <div class='dot africa' style='left:320px;top:240px;'/>
                    <div class='dot africa' style='left:320px;top:260px;'/>
                    <div class='dot africa' style='left:320px;top:280px;'/>
                    <div class='dot africa' style='left:340px;top:200px;'/>
                    <div class='dot africa' style='left:340px;top:220px;'/>
                    <div class='dot africa' style='left:340px;top:240px;'/>
                    <div class='dot africa' style='left:340px;top:260px;'/>
                    <div class='dot africa' style='left:340px;top:280px;'/>
                    <div class='dot africa' style='left:360px;top:200px;'/>
                    <div class='dot africa' style='left:360px;top:220px;'/>
                    <div class='dot africa' style='left:360px;top:240px;'/>
                    <div class='dot africa' style='left:360px;top:260px;'/>
                    <div class='dot africa' style='left:360px;top:280px;'/>
                    <div class='dot africa' style='left:360px;top:300px;'/>
                    <div class='dot africa' style='left:360px;top:320px;'/>
                    <div class='dot africa' style='left:360px;top:340px;'/>
                    <div class='dot africa' style='left:380px;top:220px;'/>
                    <div class='dot africa' style='left:380px;top:240px;'/>
                    <div class='dot africa' style='left:380px;top:260px;'/>
                    <div class='dot africa' style='left:380px;top:280px;'/>
                    <div class='dot africa' style='left:380px;top:300px;'/>
                    <div class='dot africa' style='left:380px;top:320px;'/>
                    <div class='dot africa' style='left:380px;top:340px;'/>
                    <div class='dot africa' style='left:380px;top:360px;'/>
                    <div class='dot africa' style='left:380px;top:380px;'/>
                    <div class='dot africa' style='left:400px;top:220px;'/>
                    <div class='dot africa' style='left:400px;top:240px;'/>
                    <div class='dot africa' style='left:400px;top:260px;'/>
                    <div class='dot africa' style='left:400px;top:280px;'/>
                    <div class='dot africa' style='left:400px;top:300px;'/>
                    <div class='dot africa' style='left:400px;top:320px;'/>
                    <div class='dot africa' style='left:400px;top:340px;'/>
                    <div class='dot africa' style='left:400px;top:360px;'/>
                    <div class='dot africa' style='left:400px;top:380px;'/>
                    <div class='dot africa' style='left:420px;top:220px;'/>
                    <div class='dot africa' style='left:420px;top:240px;'/>
                    <div class='dot africa' style='left:420px;top:260px;'/>
                    <div class='dot africa' style='left:420px;top:280px;'/>
                    <div class='dot africa' style='left:420px;top:300px;'/>
                    <div class='dot africa' style='left:420px;top:320px;'/>
                    <div class='dot africa' style='left:420px;top:340px;'/>
                    <div class='dot africa' style='left:420px;top:360px;'/>
                    <div class='dot africa' style='left:440px;top:260px;'/>
                    <div class='dot africa' style='left:440px;top:280px;'/>
                    <div class='dot africa' style='left:440px;top:300px;'/>
                    <div class='dot africa' style='left:440px;top:320px;'/>
                    <div class='dot africa' style='left:440px;top:340px;'/>
                    <div class='dot africa' style='left:460px;top:280px;'/>
                    <div class='dot australia' style='left:600px;top:360px;'/>
                    <div class='dot australia' style='left:600px;top:380px;'/>
                    <div class='dot australia' style='left:620px;top:340px;'/>
                    <div class='dot australia' style='left:620px;top:360px;'/>
                    <div class='dot australia' style='left:620px;top:380px;'/>
                    <div class='dot australia' style='left:640px;top:320px;'/>
                    <div class='dot australia' style='left:640px;top:340px;'/>
                    <div class='dot australia' style='left:640px;top:360px;'/>
                    <div class='dot australia' style='left:640px;top:380px;'/>
                    <div class='dot australia' style='left:660px;top:320px;'/>
                    <div class='dot australia' style='left:660px;top:340px;'/>
                    <div class='dot australia' style='left:660px;top:360px;'/>
                    <div class='dot australia' style='left:660px;top:380px;'/>
                    <div class='dot australia' style='left:660px;top:400px;'/>
                    <div class='dot australia' style='left:680px;top:320px;'/>
                    <div class='dot australia' style='left:680px;top:340px;'/>
                    <div class='dot australia' style='left:680px;top:360px;'/>
                    <div class='dot australia' style='left:680px;top:380px;'/>
                    <div class='dot australia' style='left:680px;top:400px;'/>
                    <div class='dot australia' style='left:700px;top:360px;'/>
                    <div class='dot australia' style='left:700px;top:380px;'/>
                    <div class='dot north-america' style='left:0px;top:80px;'/>
                    <div class='dot north-america' style='left:0px;top:100px;'/>
                    <div class='dot north-america' style='left:20px;top:40px;'/>
                    <div class='dot north-america' style='left:20px;top:60px;'/>
                    <div class='dot north-america' style='left:20px;top:80px;'/>
                    <div class='dot north-america' style='left:20px;top:100px;'/>
                    <div class='dot north-america' style='left:40px;top:40px;'/>
                    <div class='dot north-america' style='left:40px;top:60px;'/>
                    <div class='dot north-america' style='left:40px;top:80px;'/>
                    <div class='dot north-america' style='left:40px;top:100px;'/>
                    <div class='dot north-america' style='left:60px;top:40px;'/>
                    <div class='dot north-america' style='left:60px;top:60px;'/>
                    <div class='dot north-america' style='left:60px;top:80px;'/>
                    <div class='dot north-america' style='left:60px;top:100px;'/>
                    <div class='dot north-america' style='left:60px;top:120px;'/>
                    <div class='dot north-america' style='left:60px;top:140px;'/>
                    <div class='dot north-america' style='left:60px;top:160px;'/>
                    <div class='dot north-america' style='left:60px;top:180px;'/>
                    <div class='dot north-america' style='left:60px;top:200px;'/>
                    <div class='dot north-america' style='left:80px;top:60px;'/>
                    <div class='dot north-america' style='left:80px;top:80px;'/>
                    <div class='dot north-america' style='left:80px;top:100px;'/>
                    <div class='dot north-america' style='left:80px;top:120px;'/>
                    <div class='dot north-america' style='left:80px;top:140px;'/>
                    <div class='dot north-america' style='left:80px;top:160px;'/>
                    <div class='dot north-america' style='left:80px;top:180px;'/>
                    <div class='dot north-america' style='left:80px;top:200px;'/>
                    <div class='dot north-america' style='left:80px;top:220px;'/>
                    <div class='dot north-america' style='left:80px;top:240px;'/>
                    <div class='dot north-america' style='left:100px;top:60px;'/>
                    <div class='dot north-america' style='left:100px;top:80px;'/>
                    <div class='dot north-america' style='left:100px;top:100px;'/>
                    <div class='dot north-america' style='left:100px;top:120px;'/>
                    <div class='dot north-america' style='left:100px;top:140px;'/>
                    <div class='dot north-america' style='left:100px;top:160px;'/>
                    <div class='dot north-america' style='left:100px;top:180px;'/>
                    <div class='dot north-america' style='left:100px;top:200px;'/>
                    <div class='dot north-america' style='left:100px;top:220px;'/>
                    <div class='dot north-america' style='left:100px;top:240px;'/>
                    <div class='dot north-america' style='left:100px;top:260px;'/>
                    <div class='dot north-america' style='left:120px;top:40px;'/>
                    <div class='dot north-america' style='left:120px;top:60px;'/>
                    <div class='dot north-america' style='left:120px;top:80px;'/>
                    <div class='dot north-america' style='left:120px;top:100px;'/>
                    <div class='dot north-america' style='left:120px;top:120px;'/>
                    <div class='dot north-america' style='left:120px;top:140px;'/>
                    <div class='dot north-america' style='left:120px;top:160px;'/>
                    <div class='dot north-america' style='left:120px;top:180px;'/>
                    <div class='dot north-america' style='left:120px;top:200px;'/>
                    <div class='dot north-america' style='left:120px;top:220px;'/>
                    <div class='dot north-america' style='left:120px;top:240px;'/>
                    <div class='dot north-america' style='left:120px;top:260px;'/>
                    <div class='dot north-america' style='left:140px;top:20px;'/>
                    <div class='dot north-america' style='left:140px;top:40px;'/>
                    <div class='dot north-america' style='left:140px;top:60px;'/>
                    <div class='dot north-america' style='left:140px;top:80px;'/>
                    <div class='dot north-america' style='left:140px;top:100px;'/>
                    <div class='dot north-america' style='left:140px;top:120px;'/>
                    <div class='dot north-america' style='left:140px;top:140px;'/>
                    <div class='dot north-america' style='left:140px;top:160px;'/>
                    <div class='dot north-america' style='left:140px;top:180px;'/>
                    <div class='dot north-america' style='left:140px;top:200px;'/>
                    <div class='dot north-america' style='left:140px;top:220px;'/>
                    <div class='dot north-america' style='left:140px;top:260px;'/>
                    <div class='dot north-america' style='left:160px;top:20px;'/>
                    <div class='dot north-america' style='left:160px;top:40px;'/>
                    <div class='dot north-america' style='left:160px;top:60px;'/>
                    <div class='dot north-america' style='left:160px;top:80px;'/>
                    <div class='dot north-america' style='left:160px;top:100px;'/>
                    <div class='dot north-america' style='left:160px;top:140px;'/>
                    <div class='dot north-america' style='left:160px;top:160px;'/>
                    <div class='dot north-america' style='left:160px;top:180px;'/>
                    <div class='dot north-america' style='left:160px;top:200px;'/>
                    <div class='dot north-america' style='left:160px;top:220px;'/>
                    <div class='dot north-america' style='left:180px;top:20px;'/>
                    <div class='dot north-america' style='left:180px;top:40px;'/>
                    <div class='dot north-america' style='left:180px;top:60px;'/>
                    <div class='dot north-america' style='left:180px;top:80px;'/>
                    <div class='dot north-america' style='left:180px;top:100px;'/>
                    <div class='dot north-america' style='left:180px;top:120px;'/>
                    <div class='dot north-america' style='left:180px;top:140px;'/>
                    <div class='dot north-america' style='left:180px;top:160px;'/>
                    <div class='dot north-america' style='left:180px;top:180px;'/>
                    <div class='dot north-america' style='left:200px;top:0px;'/>
                    <div class='dot north-america' style='left:200px;top:20px;'/>
                    <div class='dot north-america' style='left:200px;top:40px;'/>
                    <div class='dot north-america' style='left:200px;top:60px;'/>
                    <div class='dot north-america' style='left:200px;top:80px;'/>
                    <div class='dot north-america' style='left:200px;top:100px;'/>
                    <div class='dot north-america' style='left:200px;top:120px;'/>
                    <div class='dot north-america' style='left:200px;top:140px;'/>
                    <div class='dot north-america' style='left:200px;top:160px;'/>
                    <div class='dot north-america' style='left:200px;top:180px;'/>
                    <div class='dot north-america' style='left:220px;top:0px;'/>
                    <div class='dot north-america' style='left:220px;top:80px;'/>
                    <div class='dot north-america' style='left:220px;top:100px;'/>
                    <div class='dot north-america' style='left:220px;top:140px;'/>
                    <div class='dot north-america' style='left:220px;top:160px;'/>
                    <div class='dot north-america' style='left:240px;top:0px;'/>
                    <div class='dot south-america' style='left:140px;top:280px;'/>
                    <div class='dot south-america' style='left:140px;top:300px;'/>
                    <div class='dot south-america' style='left:160px;top:260px;'/>
                    <div class='dot south-america' style='left:160px;top:280px;'/>
                    <div class='dot south-america' style='left:160px;top:300px;'/>
                    <div class='dot south-america' style='left:160px;top:320px;'/>
                    <div class='dot south-america' style='left:160px;top:340px;'/>
                    <div class='dot south-america' style='left:180px;top:260px;'/>
                    <div class='dot south-america' style='left:180px;top:280px;'/>
                    <div class='dot south-america' style='left:180px;top:300px;'/>
                    <div class='dot south-america' style='left:180px;top:320px;'/>
                    <div class='dot south-america' style='left:180px;top:340px;'/>
                    <div class='dot south-america' style='left:180px;top:360px;'/>
                    <div class='dot south-america' style='left:180px;top:380px;'/>
                    <div class='dot south-america' style='left:180px;top:400px;'/>
                    <div class='dot south-america' style='left:180px;top:420px;'/>
                    <div class='dot south-america' style='left:180px;top:440px;'/>
                    <div class='dot south-america' style='left:200px;top:280px;'/>
                    <div class='dot south-america' style='left:200px;top:300px;'/>
                    <div class='dot south-america' style='left:200px;top:320px;'/>
                    <div class='dot south-america' style='left:200px;top:340px;'/>
                    <div class='dot south-america' style='left:200px;top:360px;'/>
                    <div class='dot south-america' style='left:200px;top:380px;'/>
                    <div class='dot south-america' style='left:200px;top:400px;'/>
                    <div class='dot south-america' style='left:200px;top:420px;'/>
                    <div class='dot south-america' style='left:220px;top:280px;'/>
                    <div class='dot south-america' style='left:220px;top:300px;'/>
                    <div class='dot south-america' style='left:220px;top:320px;'/>
                    <div class='dot south-america' style='left:220px;top:340px;'/>
                    <div class='dot south-america' style='left:220px;top:360px;'/>
                    <div class='dot south-america' style='left:220px;top:380px;'/>
                    <div class='dot south-america' style='left:240px;top:300px;'/>
                    <div class='dot south-america' style='left:240px;top:320px;'/>
                    <div class='dot south-america' style='left:240px;top:340px;'/>
                    <div class='dot south-america' style='left:260px;top:320px;'/>
                    <div class='dot greenland' style='left:220px;top:20px;'/>
                    <div class='dot greenland' style='left:220px;top:40px;'/>
                    <div class='dot greenland' style='left:240px;top:20px;'/>
                    <div class='dot greenland' style='left:240px;top:40px;'/>
                    <div class='dot greenland' style='left:240px;top:60px;'/>
                    <div class='dot greenland' style='left:240px;top:80px;'/>
                    <div class='dot greenland' style='left:240px;top:100px;'/>
                    <div class='dot greenland' style='left:240px;top:120px;'/>
                    <div class='dot greenland' style='left:260px;top:0px;'/>
                    <div class='dot greenland' style='left:260px;top:20px;'/>
                    <div class='dot greenland' style='left:260px;top:40px;'/>
                    <div class='dot greenland' style='left:260px;top:60px;'/>
                    <div class='dot greenland' style='left:260px;top:80px;'/>
                    <div class='dot greenland' style='left:260px;top:100px;'/>
                    <div class='dot greenland' style='left:280px;top:0px;'/>
                    <div class='dot greenland' style='left:280px;top:20px;'/>
                    <div class='dot greenland' style='left:280px;top:40px;'/>
                    <div class='dot greenland' style='left:280px;top:60px;'/>
                    <div class='dot greenland' style='left:280px;top:80px;'/>
                    <div class='dot greenland' style='left:280px;top:100px;'/>
                    <div class='dot greenland' style='left:300px;top:0px;'/>
                    <div class='dot greenland' style='left:300px;top:20px;'/>
                    <div class='dot greenland' style='left:300px;top:40px;'/>
                    <div class='dot greenland' style='left:300px;top:60px;'/>
                    <div class='dot greenland' style='left:300px;top:80px;'/>
                    <div class='dot greenland' style='left:320px;top:20px;'/>
                </div>
<div id='circle'>
<div class='wrap'>
<div class='circle seconds'>
<div class='left'>
<img alt='' class='normal' src='http://s26.postimg.org/v33jcq345/spacer.gif'/>
<img alt='' class='small' src='http://s26.postimg.org/4w2cgrkuh/circle_seconds_left_small.png'/>
</div>
<div class='right'>
<img alt='' class='normal' src='http://s26.postimg.org/v33jcq345/spacer.gif'/>
<img alt='' class='small' src='http://s26.postimg.org/7rffnmouh/circle_seconds_right_small.png'/>
</div>
<div class='val'/>
</div>
<div class='circle minutes'>
<div class='left'>
<img alt='' class='normal' src='http://s26.postimg.org/v33jcq345/spacer.gif'/>
<img alt='' class='small' src='http://s26.postimg.org/ez0f57r61/circle_minutes_left_small.png'/>
</div>
<div class='right'>
<img alt='' class='normal' src='http://s26.postimg.org/v33jcq345/spacer.gif'/>
<img alt='' class='small' src='http://s26.postimg.org/5d6uox009/circle_minutes_right_small.png'/>
</div>
<div class='val'/>
</div>
<div class='circle hours'>
<div class='left'>
<img alt='' class='normal' src='http://s26.postimg.org/v33jcq345/spacer.gif'/>
<img alt='' class='small' src='http://s26.postimg.org/73pvqehjd/circle_hours_left_small.png'/>
</div>
<div class='right'>
<img alt='' class='normal' src='http://s26.postimg.org/v33jcq345/spacer.gif'/>
<img alt='' class='small' src='http://s26.postimg.org/7g317zeq1/circle_hours_right_small.png'/>
</div>
<div class='val'/>
</div>
<div class='circle days'>
<div class='left'>
<img alt='' class='normal' src='http://s26.postimg.org/v33jcq345/spacer.gif'/>
<img alt='' class='small' src='http://s26.postimg.org/i46s6top5/circle_days_left_small.png'/>
</div>
<div class='right'>
<img alt='' class='normal' src='http://s26.postimg.org/v33jcq345/spacer.gif'/>
<img alt='' class='small' src='http://s26.postimg.org/lz54ca1jd/circle_days_right_small.png'/>
</div>
<div class='val'/>
</div>
<div class='percent'>
<div class='major'>100</div>
<div class='minor'>00</div>
<div class='symbol'>%</div>
</div>
</div>
</div>
</div>
</div>
<div class='margin-group'>
<div class='line'><div class='title'>Subscribe</div></div>
<b:section id='Subscribe'>
  <b:widget id='FollowByEmail1' locked='true' title='Stay Connected' type='FollowByEmail'>
    <b:includable id='main'>
  <b:if cond='data:title != &quot;&quot;'><h2 class='title'><data:title/></h2></b:if>
  <div class='widget-content'>
    <div class='follow-by-email-inner'>
      <form action='http://feedburner.google.com/fb/a/mailverify' expr:onsubmit='&quot;window.open(\&quot;http://feedburner.google.com/fb/a/mailverify?uri=&quot; + data:feedPath + &quot;\&quot;, \&quot;popupwindow\&quot;, \&quot;scrollbars=yes,width=550,height=520\&quot;); return true&quot;' method='post' target='popupwindow'>
        <table width='100%'>
          <tr>
            <td>
              <input class='follow-by-email-address' name='email' placeholder='  E-mail Address...' type='text'/>
            </td>
            <td width='64px'>
              <input class='follow-by-email-submit' type='submit' value='Submit'/>
            </td>
          </tr>
        </table>
        <input expr:value='data:feedPath' name='uri' type='hidden'/>
        <input name='loc' type='hidden' value='en_US'/>
      </form>
    </div>
  </div>
  <span class='item-control blog-admin'>
    <b:include name='quickedit'/>
  </span>
</b:includable>
  </b:widget>
</b:section>
<p class='margin-element'>Or Follow Us</p>
<ul class='socials margin-element'>
<li><a class='social twitter' href='javascript:;'><span><img alt='Follow Us' src='http://s26.postimg.org/l5fnh6p8l/twitter.png'/></span></a></li>
<li><a class='social linkedin' href='javascript:;'><span><img alt='Stay Connected' src='http://s26.postimg.org/4qlq4m79h/linkedin.png'/></span></a></li>
<li><a class='social facebook' href='javascript:;'><span><img alt='Like Us' src='http://s26.postimg.org/uxmx0kpj9/facebook.png'/></span></a></li>
<li><a class='social google-plus' href='javascript:;'><span><img alt='Follow Us' src='http://s26.postimg.org/ey49h0thh/google_plus.png'/></span></a></li>
<li><a class='social vimeo' href='javascript:;'><span><img alt='Watch Us' src='http://s26.postimg.org/dbf1vshfp/vimeo.png'/></span></a></li>
<li><a class='social stumbleupon' href='javascript:;'><span><img alt='Stay Connected' src='http://s26.postimg.org/gtr1s6ibp/stumbleupon.png'/></span></a></li>
</ul>
</div>
<a class='up' href='javascript:;'><img src='http://s26.postimg.org/v33jcq345/spacer.gif'/></a>
<a class='down' href='javascript:;'><img src='http://s26.postimg.org/v33jcq345/spacer.gif'/></a>
<script>
var interval    = 19022222222;
var startDate   = (new Date(Math.floor((new Date()).getTime() / interval) * interval)).toString();
var endDate     = (new Date(Math.ceil((new Date()).getTime() / interval) * interval)).toString();
var timeRefresh = 200;
var dotTension  = 3.5;
var dotDelay    = 1500;
var marginSpan  = 250;
</script>
<script src='https://googledrive.com/host/0B7UUniY374BGSXJuRGZLeEJrWUk/'/>
<script src='https://googledrive.com/host/0B7UUniY374BGZFFUdmFqNjg0Rmc/'/>

<!--
Template Name: InMove
Platform: Blogger / Blogspot
Release date : 02, February 2014
Author : www.templatium.blogspot.com
License : Creative Commons Attribution 3.0
-->

</body>
</html>