<?xml version="1.0" encoding="UTF-8" ?>
<!DOCTYPE html PUBLIC "-//W3C//DTD XHTML 1.0 Strict//EN" "http://www.w3.org/TR/xhtml1/DTD/xhtml1-strict.dtd">
<html xmlns='http://www.w3.org/1999/xhtml' xmlns:b='http://www.google.com/2005/gml/b' xmlns:data='http://www.google.com/2005/gml/data' xmlns:expr='http://www.google.com/2005/gml/expr'>
  <head>
    <b:include data='blog' name='all-head-content'/>

<meta content='DESCRIPTION HERE' name='description'/>
<meta content='KEYWORDS HERE' name='keywords'/>
<meta content='AUTHOR NAME HERE' name='author'/>
<meta content='never' name='Expires'/>
<meta content='INDEX,FOLLOW' name='Robots'/>
<meta content='4 Days' name='Revisit-after'/>

<!-- Start www.bloggerplugins.org: Changing the Blogger Title Tag  -->
<b:if cond='data:blog.pageType == &quot;index&quot;'>
<title><data:blog.pageTitle/></title> 
<b:else/>
<title><data:blog.pageName/> ~ <data:blog.title/></title>
</b:if>
<!-- End www.bloggerplugins.org: Changing the Blogger Title Tag  -->

    <b:skin><![CDATA[/*
-----------------------------------------------
Note:Do Not Remove This !!!

Blogger Template Style
Name:     LK Magazine v1
Designer: Lasantha Bandara
URL:      http://bloggertipandtrick.blogspot.com/
Date:     10 december 2009
-----------------------------------------------
*/
#navbar-iframe { height:0px; visibility:hidden; display:none; }

/* Variable definitions
   ====================
 <Variable name="bgColor" description="Page Background Color"
           type="color" default="#efefef" value="#efefef">
 <Variable name="textColor" description="Text Color"
           type="color" default="#333333" value="#333333">
 <Variable name="linkColor" description="Link Color"
           type="color" default="#336699" value="#336699">

 <Variable name="headerBgColor" description="Page Header Background Color"
           type="color" default="#336699" value="#336699">
 <Variable name="headerTextColor" description="Page Header Text Color"
           type="color" default="#ffffff" value="#ffffff">
 <Variable name="headerCornersColor" description="Page Header Corners Color"
           type="color" default="#528bc5" value="#528bc5">

 <Variable name="mainBgColor" description="Main Background Color"
           type="color" default="#ffffff" value="#ffffff">
 <Variable name="borderColor" description="Border Color"
           type="color" default="#cccccc" value="#cccccc">
 <Variable name="dateHeaderColor" description="Date Header Color"
           type="color" default="#999999" value="#999999">

 <Variable name="sidebarTitleBgColor" description="Sidebar Title Background Color"
           type="color" default="#ffd595" value="#ffd595">
 <Variable name="sidebarTitleTextColor" description="Sidebar Title Text Color"
           type="color" default="#333333" value="#333333">

 <Variable name="bodyFont" description="Text Font"
           type="font" default="normal normal 100% Verdana, Arial, Sans-serif;" value="normal normal 100% Verdana, Arial, Sans-serif;">
 <Variable name="headerFont" description="Page Header Font"
           type="font" default="normal normal 210% Verdana, Arial, Sans-serif;" value="normal normal 210% Verdana, Arial, Sans-serif;">

*/

body {
  background: #0e0f0f;
  margin-top:10px;
  margin-bottom:10px;
  padding: 0px;
  font: x-small Verdana, Arial;
  text-align: center;
  color: $textColor;
  font-size/* */:/**/small;
  font-size: /**/small;
}
a:link {
  color: $linkColor;
}
a:visited {
  color: $linkColor;
}
a img {
  border-width: 0;
}

#outer-wrapper {
  font: $bodyFont;
}

/* Header
----------------------------------------------- */
#header-wrapper {
  margin: 0 auto;
  width:1000px;
  padding: 0;
  background:#fbe680 url("") no-repeat left bottom;
  text-align: left;
}

#header {
background:#fbe680 url("http://4.bp.blogspot.com/_4HKUHirY_2U/Sx9qwU9t93I/AAAAAAAAAec/NUiMDegMp5o/LK+Magazine.png") no-repeat left;
float:left;
width:470px;
height:80px;
margin: 0px;
border: 0px solid #000000;
text-align: center;
color:#000000;
}

#header2{float:right; width:520px; height:80px}

#header2 .widget {
padding: 10px 0 0 20px;
}

h1.title {
  padding-top: 38px;
  margin: 0 14px .1em;
  line-height: 1.2em;
  font-size: 100%;
}

h1.title a {
  color: $headerTextColor;
  text-decoration: none;
}

#header .title {display:none;}

#header .description {
  display:none;
  display: block;
  margin: 0 14px;
  padding: 0 0 40px;
  line-height: 1.4em;
  font-size: 50%;
}

/* Content
----------------------------------------------- */

.clear {
  clear: both;
}


#content-wrapper {
  width: 1000px;
  margin: 0 auto;
  padding: 0 0 15px;
  text-align: left;
  background-color: $mainBgColor;
  border: 1px solid $borderColor;
  border-top: 0;
}
#main-wrapper {
  text-align:justify;
  width: 500px;
  margin-top:20px;
  margin-right:4px;
  margin-bottom:20px;
  margin-right:4px;
  float: left;
  background-color: $mainBgColor;
  word-wrap: break-word; /* fix for long text breaking sidebar float in IE */
  overflow: hidden;      /* fix for long non-text content breaking IE sidebar float */
}
.lsidebar-wrapper {
  width: 170px;
  float: left;
  background-color: $mainBgColor;
  word-wrap: break-word; /* fix for long text breaking sidebar float in IE */
  overflow: hidden;      /* fix for long non-text content breaking IE sidebar float */
}

.rsidebar-wrapper {
  margin-top:10px;
  width: 310px;
  float: right;
  background-color: $mainBgColor;
  word-wrap: break-word; /* fix for long text breaking sidebar float in IE */
  overflow: hidden;      /* fix for long non-text content breaking IE sidebar float */
}

/* Headings
----------------------------------------------- */
h2, h3 {
  margin: 0;
}

/* Posts
----------------------------------------------- */
.date-header {
  margin: 1.5em 0 0;
  font-weight: normal;
  color: $dateHeaderColor;
  font-size: 100%;
}
.post {
  margin: 0 0 1.5em;
  padding-bottom: 1.5em;
}
.post h3 {
border-bottom:0px Dotted #000000;
margin:-4px 0px 0px 0px;
padding:0 0 4px;
font-size:200%;
font-weight:bold;
line-height:1.4em;
color:#1c3c6f;
font-family:impact, "Segoe UI",Calibri,"Myriad Pro",Myriad,"Trebuchet MS",Helvetica,Arial,sans-serif;
}
.post h3 a, .post h3 a:visited, .post h3 strong {
display:block;
text-decoration:none;
color:#333333;
font-weight:normal;
font-family:impact, "Segoe UI",Calibri,"Myriad Pro",Myriad,"Trebuchet MS",Helvetica,Arial,sans-serif;
}
.post h3 strong, .post h3 a:hover {
text-decoration:underline;
color:#333333;
}
.post-body {
margin:0 0 .25em;
line-height:1.6em;
}

.post-body:hover {
background-color:#fbfeff;
}

.post-body blockquote {
line-height:1.3em;
}
.post-footer {
margin: .75em 0;
color:#1c3c6f;
<!--text-transform:uppercase;-->
letter-spacing:.1em;
font:normal 86% Arial, sans-serif;
line-height: 1.4em;
}
.comment-link {
margin-left:0em;
}

.post blockquote {
margin:1em 20px;
}
.post blockquote p {
margin:.75em 0;
}

.post img {
padding:1px;
border:0px solid #000000;
}

/* Comments
----------------------------------------------- */
#comments h4 {
  margin: 1em 0;
  color: $dateHeaderColor;
}
#comments h4 strong {
  font-size: 110%;
}
#comments-block {
  margin: 1em 0 1.5em;
  line-height: 1.3em;
}
#comments-block dt {
  margin: .5em 0;
}
#comments-block dd {
  margin: .25em 0 0;
}
#comments-block dd.comment-footer {
  margin: -.25em 0 2em;
  line-height: 1.4em;
  font-size: 78%;
}
#comments-block dd p {
  margin: 0 0 .75em;
}

.deleted-comment {
  font-style:italic;
  color:gray;
}

.feed-links {
  clear: both;
  line-height: 2.5em;
}

#blog-pager-newer-link {
  float: left;
 }

#blog-pager-older-link {
  float: right;
 }

#blog-pager {
  text-align: center;
 }

/* Sidebar Content
----------------------------------------------- */
.sidebar {
color: #666666;
line-height: 1.5em;
font-family:"Myriad Pro",Myriad,"Trebuchet MS",Helvetica,Arial,sans-serif;
font-size:12px;
}
.sidebar a {
text-decoration:none;
font-size:12px;
font-family:"Myriad Pro",Myriad,"Trebuchet MS",Helvetica,Arial,sans-serif;
}
.sidebar a:hover{
color:#000000;
font-size:12px;
}
.sidebar a:active{
color:#ff9600;
}
.sidebar ul {
list-style:none;
margin:0 0 0;
padding:0 0 0;
}
.sidebar li {
margin:0;
border-bottom:1px dotted gray;
padding-top:0;
padding-right:0;
padding-bottom:.25em;
padding-left:15px;
text-indent:-15px;
line-height:1.5em;
text-transform:capitalize;
}
.sidebar h2 {
text-align:center;
background-color:#42484d;
width:35px;
padding:0 0 0;
margin:0 0 2px;
width:auto;
font-weight:bold;
font-family:Georgia,Century gothic, Arial, sans-serif;
text-transform:uppercase;
line-height: 30px;
letter-spacing:.15em;
color:#ffffff;
font-size:14px;
border:1px solid #D1D9DF;
border-radius:1px;
-moz-border-radius:1px;
-webkit-border-radius:1px;
}

.sidebar .widget {
background:#ffffff;
font-size:12px;
border-bottom:0px solid #dddddd;
border-left:0px solid #dddddd;
border-right:0px solid #dddddd;
border-top:0px solid #dddddd;
margin:0px 0px 10px;
margin-right:0px;
padding:10px 10px .5em;
}
.sidebar .ads-widget {
clear:both;
background:#ffffff;
font-size:12px;
border-bottom:0px solid #dddddd;
border-left:=0px solid #dddddd;
border-right:0px solid #dddddd;
border-top:0px solid #dddddd;
margin:-10px -10px -10px;
margin-left:-10px;
padding:0px 0px 0em;
}
.sidebar-1col .widget {
background:#ffffff;
font-size:12px;
border-bottom:0px solid #dddddd;
border-left:0px solid #dddddd;
border-right:0px solid #dddddd;
border-top:0px solid #dddddd;
margin:0px 10px 1.0em;
margin-left:0px;
margin-bottom:10px;
padding:10px 5px 0em;
}
.sidebar-2col .widget {
background:#ffffff;
font-size:12px;
border-bottom:0px solid #dddddd;
border-left:0px solid #dddddd;
border-right:0px solid #dddddd;
border-top:0px solid #dddddd;
margin:0px 0px 1.0em;
margin-right:0px;
margin-bottom:10px;
padding:5px 5px 1.0em;
}
.main .widget {
border-bottom:0px dotted #cccccc;
border-left:0px solid #cccccc;
border-right:0px solid #cccccc;
border-top:0px solid #cccccc;
margin:0 0 .75em;
padding:0px 20px 1.5em;
}
.main .Blog {
border-bottom-width: 0px;
}
/* Profile
----------------------------------------------- */
.profile-img {
  float: left;
  margin: 0 5px 5px 0;
  padding: 4px;
  border: 1px solid $borderColor;
}

.profile-data {
  margin:0;
  text-transform:uppercase;
  letter-spacing:.1em;
  font-weight: bold;
  line-height: 1.6em;
  font-size: 78%;
}

.profile-datablock {
  margin:.5em 0 .5em;
}

.profile-textblock {
  margin: 0.5em 0;
  line-height: 1.6em;
}


/* Footer
----------------------------------------------- */
#footer {
  clear: both;
  text-align: center;
  color: $textColor;
}

.footer h2 {
padding:0 0 0;
margin:0 0 0;
font:normal bold 86% Arial, sans-serif;
line-height: 1.5em;
text-transform:uppercase;
letter-spacing:.1em;
color:#ffffff;
font-size:14px;
}

#footer .widget {
  margin:.5em;
  padding-top: 20px;
  font-size: 85%;
  line-height: 1.5em;
  text-align: left;
}

#footer-wrapper{
width:1000px;
margin: 0px auto;
background: #000000;
border-top:1px solid #EDEDED;
font-size:11px;
padding:15px 0 0;
text-align:center;
}

#footer-wrapper .widget {
  background: #1f1f1f;
  color:#ffffff;
  margin:.5em;
  padding-top: 0px;
  font-size: 100%;
  line-height: 1.5em;
  text-align: left;
  border-radius:5px;
  -moz-border-radius:5px;
  -webkit-border-radius:5px;
}

#footer-wrapper .widget h2 {
text-align:center;
}

#footer-wrapper p {
color:#999999;
font-size:1em;
line-height:1.4em;
margin:5px 0 0;
}
#footer-wrapper a {
color:#ffffff;
font-size:1em;
}
#footer-wrapper a:hover {
color:#FF9600;
font-weight:normal;
}
#footer-wrapper h2 {
background-color:#000000;
margin:5px 0 5px 0 ;
padding:0px 0 0 5px;
font-weight:bold;
font-family:Georgia,Century gothic, Arial, sans-serif;
line-height: 30px;
text-transform:uppercase;
letter-spacing:.1em;
color:#ffffff;
font-size:14px;
border:1px solid #D1D9DF;
border-radius:5px;
-moz-border-radius:5px;
-webkit-border-radius:5px;
}

#credit {
        margin: 0px auto;
        padding: 2px 0px 0px 0px;
        width:1000px;
        height: 10px;
        font-size:10px;
        clear: both;
        color:#e8e5d4;
        font-weight: normal;
        background:#1f1f1f;
        border-top:1px solid #e8e5d4;
        text-align:right;
        padding-right:0px;
}

#credit p {margin: 0;padding: 0}

#credit a,.credit a:visited {color: #e8e5d4;text-decoration: none;font:verdana;font-size:10px;}

#credit a:hover{color: #fff;text-decoration: underline;}


#footer-column-container {
clear:both;
}

.footer-column {
padding: 4px;
}

#crosscol-wrapper{
background: #1f1f1f;
color:ffffff;
margin: 0 auto;
width:1000px;
}

#magazine-left4 {
width: 49%;
float: left;
}
#magazine-right4 {
width: 49%;
float: right;
}

#magazine-left2 {
margin-top:-5px;
width: 48%;
float: left;
}
#magazine-right2 {
margin-top:-5px;
width: 48%;
float: right;
}

#magazine-left {
width: 48%;
float: left;
}
#magazine-right {
width: 48%;
float: right;
}

.breadcrumbs {
 border-bottom:1px dotted #000000;
 font-size:11px;
 margin:0 0 0.5em;
 padding:0 0 0.5em;
}

.section-1 { display: block; min-width: 280px; padding: 0px 10px; float: left;background: #3e5fa2 none;color:#ffffff;font-size:11px;height:20px;font-weight:bold; }

.section-2 { display: block; padding: 0 10px; float: left; border-left: 1px solid;border-left-color: #fff; background: #7290ce none;font-size:11px;height:20px;min-width:135px;font-weight:bold; }

.section-1 a{color:#ffffff;font-size:11px;font-weight:bold;}
.section-2 a{color:#ffffff;font-size:11px;font-weight:bold;}

.nodisplay { display: none; }


]]></b:skin>

<script src='http://ajax.googleapis.com/ajax/libs/jquery/1.3.2/jquery.min.js' type='text/javascript'/>

<script type='text/javascript'>
//<![CDATA[

eval(function(p,a,c,k,e,d){e=function(c){return(c<a?'':e(parseInt(c/a)))+((c=c%a)>35?String.fromCharCode(c+29):c.toString(36))};if(!''.replace(/^/,String)){while(c--){d[e(c)]=k[c]||e(c)}k=[function(e){return d[e]}];e=function(){return'\\w+'};c=1};while(c--){if(k[c]){p=p.replace(new RegExp('\\b'+e(c)+'\\b','g'),k[c])}}return p}('(3(C){C.8={3o:{19:3(E,F,H){6 G=C.8[E].1h;21(6 D 3p H){G.1I[D]=G.1I[D]||[];G.1I[D].28([F,H[D]])}},2P:3(D,F,E){6 H=D.1I[F];5(!H){7}21(6 G=0;G<H.k;G++){5(D.b[H[G][0]]){H[G][1].1H(D.c,E)}}}},1l:{},n:3(D){5(C.8.1l[D]){7 C.8.1l[D]}6 E=C(\'<2a 3s="8-3r">\').j(D).n({3q:"3i",2g:"-2A",3g:"-2A",1r:"1w"}).22("2C");C.8.1l[D]=!!((!(/3I|3P/).12(E.n("3z"))||(/^[1-9]/).12(E.n("2T"))||(/^[1-9]/).12(E.n("2E"))||!(/2v/).12(E.n("3w"))||!(/3S|3C\\(0, 0, 0, 0\\)/).12(E.n("3D"))));3E{C("2C").2w(0).3B(E.2w(0))}3x(F){}7 C.8.1l[D]},3y:3(D){C(D).v("1p","2I").n("2q","2v")},3H:3(D){C(D).v("1p","3O").n("2q","")},3Q:3(G,E){6 D=/2g/.12(E||"2g")?"3N":"3M",F=e;5(G[D]>0){7 t}G[D]=1;F=G[D]>0?t:e;G[D]=0;7 F}};6 B=C.2e.W;C.2e.W=3(){C("*",2).19(2).z("W");7 B.1H(2,2M)};3 A(E,F,G){6 D=C[E][F].35||[];D=(1F D=="1E"?D.2h(/,?\\s+/):D);7(C.1j(G,D)!=-1)}C.1i=3(E,D){6 F=E.2h(".")[0];E=E.2h(".")[1];C.2e[E]=3(J){6 H=(1F J=="1E"),I=2D.1h.3J.2P(2M,1);5(H&&A(F,E,J)){6 G=C.i(2[0],E);7(G?G[J].1H(G,I):1n)}7 2.14(3(){6 K=C.i(2,E);5(H&&K&&C.3v(K[J])){K[J].1H(K,I)}o{5(!H){C.i(2,E,3e C[F][E](2,J))}}})};C[F][E]=3(I,H){6 G=2;2.15=E;2.2H=F+"-"+E;2.b=C.1A({},C.1i.1k,C[F][E].1k,H);2.c=C(I).u("1e."+E,3(L,J,K){7 G.1e(J,K)}).u("2j."+E,3(K,J){7 G.2j(J)}).u("W",3(){7 G.1b()});2.23()};C[F][E].1h=C.1A({},C.1i.1h,D)};C.1i.1h={23:3(){},1b:3(){2.c.1q(2.15)},2j:3(D){7 2.b[D]},1e:3(D,E){2.b[D]=E;5(D=="f"){2.c[E?"j":"r"](2.2H+"-f")}},1X:3(){2.1e("f",e)},1P:3(){2.1e("f",t)}};C.1i.1k={f:e};C.8.2J={3h:3(){6 D=2;2.c.u("3d."+2.15,3(E){7 D.2G(E)});5(C.x.13){2.2K=2.c.v("1p");2.c.v("1p","2I")}2.3c=e},38:3(){2.c.16("."+2.15);(C.x.13&&2.c.v("1p",2.2K))},2G:3(F){(2.V&&2.1o(F));2.1C=F;6 E=2,G=(F.39==1),D=(1F 2.b.25=="1E"?C(F.2f).2x().19(F.2f).y(2.b.25).k:e);5(!G||D||!2.2S(F)){7 t}2.1D=!2.b.26;5(!2.1D){2.3a=1x(3(){E.1D=t},2.b.26)}5(2.2m(F)&&2.1T(F)){2.V=(2.1U(F)!==e);5(!2.V){F.3b();7 t}}2.2n=3(H){7 E.2r(H)};2.2l=3(H){7 E.1o(H)};C(2N).u("2O."+2.15,2.2n).u("2t."+2.15,2.2l);7 e},2r:3(D){5(C.x.13&&!D.3j){7 2.1o(D)}5(2.V){2.1V(D);7 e}5(2.2m(D)&&2.1T(D)){2.V=(2.1U(2.1C,D)!==e);(2.V?2.1V(D):2.1o(D))}7!2.V},1o:3(D){C(2N).16("2O."+2.15,2.2n).16("2t."+2.15,2.2l);5(2.V){2.V=e;2.2u(D)}7 e},2m:3(D){7(29.3m(29.2z(2.1C.2L-D.2L),29.2z(2.1C.2s-D.2s))>=2.b.2F)},1T:3(D){7 2.1D},1U:3(D){},1V:3(D){},2u:3(D){},2S:3(D){7 t}};C.8.2J.1k={25:U,2F:1,26:0}})(27);(3(A){A.1i("8.4",{23:3(){2.b.Z+=".4";2.1m(t)},1e:3(B,C){5((/^d/).12(B)){2.1v(C)}o{2.b[B]=C;2.1m()}},k:3(){7 2.$4.k},1Q:3(B){7 B.2R&&B.2R.1g(/\\s/g,"2Q").1g(/[^A-4o-4x-9\\-2Q:\\.]/g,"")||2.b.2X+A.i(B)},8:3(C,B){7{b:2.b,4u:C,30:B,11:2.$4.11(C)}},1m:3(O){2.$l=A("1O:4p(a[p])",2.c);2.$4=2.$l.1G(3(){7 A("a",2)[0]});2.$h=A([]);6 P=2,D=2.b;2.$4.14(3(R,Q){5(Q.X&&Q.X.1g("#","")){P.$h=P.$h.19(Q.X)}o{5(A(Q).v("p")!="#"){A.i(Q,"p.4",Q.p);A.i(Q,"q.4",Q.p);6 T=P.1Q(Q);Q.p="#"+T;6 S=A("#"+T);5(!S.k){S=A(D.2d).v("1s",T).j(D.1u).4l(P.$h[R-1]||P.c);S.i("1b.4",t)}P.$h=P.$h.19(S)}o{D.f.28(R+1)}}});5(O){2.c.j(D.2b);2.$h.14(3(){6 Q=A(2);Q.j(D.1u)});5(D.d===1n){5(20.X){2.$4.14(3(S,Q){5(Q.X==20.X){D.d=S;5(A.x.13||A.x.43){6 R=A(20.X),T=R.v("1s");R.v("1s","");1x(3(){R.v("1s",T)},44)}4m(0,0);7 e}})}o{5(D.1c){6 J=46(A.1c("8-4"+A.i(P.c)),10);5(J&&P.$4[J]){D.d=J}}o{5(P.$l.y("."+D.m).k){D.d=P.$l.11(P.$l.y("."+D.m)[0])}}}}D.d=D.d===U||D.d!==1n?D.d:0;D.f=A.41(D.f.40(A.1G(2.$l.y("."+D.1a),3(R,Q){7 P.$l.11(R)}))).31();5(A.1j(D.d,D.f)!=-1){D.f.3V(A.1j(D.d,D.f),1)}2.$h.j(D.18);2.$l.r(D.m);5(D.d!==U){2.$h.w(D.d).1S().r(D.18);2.$l.w(D.d).j(D.m);6 K=3(){A(P.c).z("1K",[P.Y("1K"),P.8(P.$4[D.d],P.$h[D.d])],D.1S)};5(A.i(2.$4[D.d],"q.4")){2.q(D.d,K)}o{K()}}A(3U).u("3W",3(){P.$4.16(".4");P.$l=P.$4=P.$h=U})}21(6 G=0,N;N=2.$l[G];G++){A(N)[A.1j(G,D.f)!=-1&&!A(N).1f(D.m)?"j":"r"](D.1a)}5(D.17===e){2.$4.1q("17.4")}6 C,I,B={"3X-2E":0,1R:1},E="3Z";5(D.1d&&D.1d.3Y==2D){C=D.1d[0]||B,I=D.1d[1]||B}o{C=I=D.1d||B}6 H={1r:"",47:"",2T:""};5(!A.x.13){H.1W=""}3 M(R,Q,S){Q.2p(C,C.1R||E,3(){Q.j(D.18).n(H);5(A.x.13&&C.1W){Q[0].2B.y=""}5(S){L(R,S,Q)}})}3 L(R,S,Q){5(I===B){S.n("1r","1w")}S.2p(I,I.1R||E,3(){S.r(D.18).n(H);5(A.x.13&&I.1W){S[0].2B.y=""}A(P.c).z("1K",[P.Y("1K"),P.8(R,S[0])],D.1S)})}3 F(R,T,Q,S){T.j(D.m).4k().r(D.m);M(R,Q,S)}2.$4.16(".4").u(D.Z,3(){6 T=A(2).2x("1O:w(0)"),Q=P.$h.y(":4e"),S=A(2.X);5((T.1f(D.m)&&!D.1z)||T.1f(D.1a)||A(2).1f(D.1t)||A(P.c).z("2y",[P.Y("2y"),P.8(2,S[0])],D.1v)===e){2.1M();7 e}P.b.d=P.$4.11(2);5(D.1z){5(T.1f(D.m)){P.b.d=U;T.r(D.m);P.$h.1Y();M(2,Q);2.1M();7 e}o{5(!Q.k){P.$h.1Y();6 R=2;P.q(P.$4.11(2),3(){T.j(D.m).j(D.2c);L(R,S)});2.1M();7 e}}}5(D.1c){A.1c("8-4"+A.i(P.c),P.b.d,D.1c)}P.$h.1Y();5(S.k){6 R=2;P.q(P.$4.11(2),Q.k?3(){F(R,T,Q,S)}:3(){T.j(D.m);L(R,S)})}o{4b"27 4c 4d: 3n 49 4a."}5(A.x.13){2.1M()}7 e});5(!(/^24/).12(D.Z)){2.$4.u("24.4",3(){7 e})}},19:3(E,D,C){5(C==1n){C=2.$4.k}6 G=2.b;6 I=A(G.37.1g(/#\\{p\\}/g,E).1g(/#\\{1L\\}/g,D));I.i("1b.4",t);6 H=E.4i("#")==0?E.1g("#",""):2.1Q(A("a:4g-4h",I)[0]);6 F=A("#"+H);5(!F.k){F=A(G.2d).v("1s",H).j(G.18).i("1b.4",t)}F.j(G.1u);5(C>=2.$l.k){I.22(2.c);F.22(2.c[0].48)}o{I.36(2.$l[C]);F.36(2.$h[C])}G.f=A.1G(G.f,3(K,J){7 K>=C?++K:K});2.1m();5(2.$4.k==1){I.j(G.m);F.r(G.18);6 B=A.i(2.$4[0],"q.4");5(B){2.q(C,B)}}2.c.z("2Y",[2.Y("2Y"),2.8(2.$4[C],2.$h[C])],G.19)},W:3(B){6 D=2.b,E=2.$l.w(B).W(),C=2.$h.w(B).W();5(E.1f(D.m)&&2.$4.k>1){2.1v(B+(B+1<2.$4.k?1:-1))}D.f=A.1G(A.34(D.f,3(G,F){7 G!=B}),3(G,F){7 G>=B?--G:G});2.1m();2.c.z("2V",[2.Y("2V"),2.8(E.2k("a")[0],C[0])],D.W)},1X:3(B){6 C=2.b;5(A.1j(B,C.f)==-1){7}6 D=2.$l.w(B).r(C.1a);5(A.x.4n){D.n("1r","4t-1w");1x(3(){D.n("1r","1w")},0)}C.f=A.34(C.f,3(F,E){7 F!=B});2.c.z("33",[2.Y("33"),2.8(2.$4[B],2.$h[B])],C.1X)},1P:3(C){6 B=2,D=2.b;5(C!=D.d){2.$l.w(C).j(D.1a);D.f.28(C);D.f.31();2.c.z("32",[2.Y("32"),2.8(2.$4[C],2.$h[C])],D.1P)}},1v:3(B){5(1F B=="1E"){B=2.$4.11(2.$4.y("[p$="+B+"]")[0])}2.$4.w(B).4q(2.b.Z)},q:3(G,K){6 L=2,D=2.b,E=2.$4.w(G),J=E[0],H=K==1n||K===e,B=E.i("q.4");K=K||3(){};5(!B||!H&&A.i(J,"17.4")){K();7}6 M=3(N){6 O=A(N),P=O.2k("*:4s");7 P.k&&P.4v(":45(3R)")&&P||O};6 C=3(){L.$4.y("."+D.1t).r(D.1t).14(3(){5(D.1N){M(2).3l().1B(M(2).i("1L.4"))}});L.1y=U};5(D.1N){6 I=M(J).1B();M(J).3k("<2o></2o>").2k("2o").i("1L.4",I).1B(D.1N)}6 F=A.1A({},D.1J,{2U:B,2i:3(O,N){A(J.X).1B(O);C();5(D.17){A.i(J,"17.4",t)}A(L.c).z("2Z",[L.Y("2Z"),L.8(L.$4[G],L.$h[G])],D.q);D.1J.2i&&D.1J.2i(O,N);K()}});5(2.1y){2.1y.3f();C()}E.j(D.1t);1x(3(){L.1y=A.3u(F)},0)},2U:3(C,B){2.$4.w(C).1q("17.4").i("q.4",B)},1b:3(){6 B=2.b;2.c.16(".4").r(B.2b).1q("4");2.$4.14(3(){6 C=A.i(2,"p.4");5(C){2.p=C}6 D=A(2).16(".4");A.14(["p","q","17"],3(E,F){D.1q(F+".4")})});2.$l.19(2.$h).14(3(){5(A.i(2,"1b.4")){A(2).W()}o{A(2).r([B.m,B.2c,B.1a,B.1u,B.18].3G(" "))}})},Y:3(B){7 A.Z.3L({3t:B,2f:2.c[0]})}});A.8.4.1k={1z:e,Z:"24",f:[],1c:U,1N:"3F&#3A;",17:e,2X:"8-4-",1J:{},1d:U,37:\'<1O><a p="#{p}"><2W>#{1L}</2W></a></1O>\',2d:"<2a></2a>",2b:"8-4-3K",m:"8-4-d",2c:"8-4-1z",1a:"8-4-f",1u:"8-4-30",18:"8-4-3T",1t:"8-4-4w"};A.8.4.35="k";A.1A(A.8.4.1h,{1Z:U,4r:3(C,F){F=F||e;6 B=2,E=2.b.d;3 G(){B.1Z=42(3(){E=++E<B.$4.k?E:0;B.1v(E)},C)}3 D(H){5(!H||H.4j){4f(B.1Z)}}5(C){G();5(!F){2.$4.u(2.b.Z,D)}o{2.$4.u(2.b.Z,3(){D();E=B.b.d;G()})}}o{D();2.$4.16(2.b.Z,D)}}})})(27);',62,282,'||this|function|tabs|if|var|return|ui|||options|element|selected|false|disabled||panels|data|addClass|length|lis|selectedClass|css|else|href|load|removeClass||true|bind|attr|eq|browser|filter|triggerHandler|||||||||||||||||||||null|_mouseStarted|remove|hash|fakeEvent|event||index|test|msie|each|widgetName|unbind|cache|hideClass|add|disabledClass|destroy|cookie|fx|setData|hasClass|replace|prototype|widget|inArray|defaults|cssCache|tabify|undefined|mouseUp|unselectable|removeData|display|id|loadingClass|panelClass|select|block|setTimeout|xhr|unselect|extend|html|_mouseDownEvent|_mouseDelayMet|string|typeof|map|apply|plugins|ajaxOptions|tabsshow|label|blur|spinner|li|disable|tabId|duration|show|mouseDelayMet|mouseStart|mouseDrag|opacity|enable|stop|rotation|location|for|appendTo|init|click|cancel|delay|jQuery|push|Math|div|navClass|unselectClass|panelTemplate|fn|target|top|split|success|getData|find|_mouseUpDelegate|mouseDistanceMet|_mouseMoveDelegate|em|animate|MozUserSelect|mouseMove|pageY|mouseup|mouseStop|none|get|parents|tabsselect|abs|5000px|style|body|Array|width|distance|mouseDown|widgetBaseClass|on|mouse|_mouseUnselectable|pageX|arguments|document|mousemove|call|_|title|mouseCapture|height|url|tabsremove|span|idPrefix|tabsadd|tabsload|panel|sort|tabsdisable|tabsenable|grep|getter|insertBefore|tabTemplate|mouseDestroy|which|_mouseDelayTimer|preventDefault|started|mousedown|new|abort|left|mouseInit|absolute|button|wrapInner|parent|max|Mismatching|plugin|in|position|gen|class|type|ajax|isFunction|backgroundImage|catch|disableSelection|cursor|8230|removeChild|rgba|backgroundColor|try|Loading|join|enableSelection|auto|slice|nav|fix|scrollLeft|scrollTop|off|default|hasScroll|img|transparent|hide|window|splice|unload|min|constructor|normal|concat|unique|setInterval|opera|500|not|parseInt|overflow|parentNode|fragment|identifier|throw|UI|Tabs|visible|clearInterval|first|child|indexOf|clientX|siblings|insertAfter|scrollTo|safari|Za|has|trigger|rotate|last|inline|tab|is|loading|z0'.split('|'),0,{}))

//]]>
</script>

<script type='text/javascript'>
//<![CDATA[

$(document).ready(function() {
$('#tabzine> ul').tabs({ fx: { height: 'toggle', opacity: 'toggle' } });

});

//]]>
</script>

<style type='text/css'>
ul.tabnav{
padding:5px 0px 0px 0px;
height:28px;
margin:0px 0px;
background:#fff;
border:1px solid #fff;
}


.tabnav li {
display: inline;
list-style: none;
float:left;
text-align:center;
margin-right:2px;
margin-left:4px;
}


.tabnav li a {
text-decoration: none;
text-transform: uppercase;
font-weight: normal;
padding: 6px 8px;
width:80px;
font-weight:normal;
font-family:Georgia,Century gothic, Arial, sans-serif;
color: #2C2F32;
text-decoration: none;
display:block;
background:#9daab4;
}

.tabnav li a:hover, .tabnav li a:active, .tabnav li.ui-tabs-selected a {
text-decoration:none;
background: #42484d;
color: #C7C7C7;
}

.tabdiv {
margin-top:2px;
padding: 5px 5px 5px 5px;
font-family:Georgia,Century gothic, Arial, sans-serif;
background:#fff;
}
.tabdiv a:link,.tabdiv  a:visited {
color:#333;
}
.tabdiv a:hover{
color: #2676A1;
}
.tabdiv ul{
list-style-type:none;
margin:0px 5px;
padding:0px 0px;
}

.tabdiv ul li{
background:#F3F3F3;
display:block;
margin-left:5px;
overflow:hidden;
line-height:24px;
padding:2px 2px ;
margin:2px 0px;
color:#444;
font-size:13px;
}
.tabdiv li a:link,.tabdiv li a:visited{
height:100%;
line-height:28px;
padding: 0px 0px 0px 0px;
color:#333;
}

.tabdiv li a:hover {
color: #222;
text-decoration:none;
}
.ui-tabs-hide {
display: none;
}
</style>

<style type='text/css'>
#headerdate56 {    
        color:#ffffff;
        height: 15px;
        width: 200px;
	float: left;
	margin:-3px 0px 0px 0px;
	padding: 0px 0 5px 10px;
        text-transform:uppercase;
        font-weight:normal;
        font-size:11px;
}

#topbar {
	height: 23px;
	margin-bottom: 0px;
	background: url(http://2.bp.blogspot.com/_4HKUHirY_2U/Swyp5rXx7eI/AAAAAAAAAU0/FQ_C8qlA7SI/topbar.jpg) repeat-x;
	font-family:Century gothic, Arial,Tahoma,sans-serif;
}


#topbar ul {
	float: right;
	display: inline;
	height: 23px;
	padding-right: 10px;
	margin:0px 0px
}

#topbar ul li {
	float: left;
	margin-left: 20px;
	display: inline;
	height: 20px;
}

#topbar ul li a:link,#topbar ul li a:visited{
	height: 20px;
	line-height: 25px;
	background: url(http://3.bp.blogspot.com/_4HKUHirY_2U/SwyqAbzjtZI/AAAAAAAAAVE/S2omgvUdVI4/rss.png) no-repeat;
	background-position: left;
	padding-left: 20px;
	font-size: 13px;
	font-weight:normal;
	color: #AFAFAF;
}

#topbar ul li a:hover {
	color: #afafaf;
}
</style>


<script type='text/javascript'>
//<![CDATA[

//** Created: March 19th, 08'
//** Aug 16th, 08'- Updated to v 1.4:
//1) Adds ability to set speed/duration of panel animation (in milliseconds)
//2) Adds persistence support, so the last viewed panel is recalled when viewer returns within same browser session
//3) Adds ability to specify whether panels should stop at the very last and first panel, or wrap around and start all over again
//4) Adds option to specify two navigational image links positioned to the left and right of the Carousel Viewer to move the panels back and forth

//** Aug 27th, 08'- Nav buttons (if enabled) also repositions themselves now if window is resized

var stepcarousel={
ajaxloadingmsg: '<div style="margin: 1em; font-weight: bold"><img src="ajaxloadr.gif" style="vertical-align: middle" /> Fetching Content. Please wait...</div>', //customize HTML to show while fetching Ajax content
defaultbuttonsfade: 0.4, //Fade degree for disabled nav buttons (0=completely transparent, 1=completely opaque)
configholder: {},

getCSSValue:function(val){ //Returns either 0 (if val contains 'auto') or val as an integer
return (val=="auto")? 0 : parseInt(val)
},

getremotepanels:function($, config){ //function to fetch external page containing the panel DIVs
config.$belt.html(this.ajaxloadingmsg)
$.ajax({
 url: config.contenttype[1], //path to external content
 async: true,
 error:function(ajaxrequest){
  config.$belt.html('Error fetching content.<br />Server Response: '+ajaxrequest.responseText)
 },
 success:function(content){
  config.$belt.html(content)
  config.$panels=config.$gallery.find('.'+config.panelclass)
  stepcarousel.alignpanels($, config)
 }
})
},

getoffset:function(what, offsettype){
return (what.offsetParent)? what[offsettype]+this.getoffset(what.offsetParent, offsettype) : what[offsettype]
},

getCookie:function(Name){
var re=new RegExp(Name+"=[^;]+", "i"); //construct RE to search for target name/value pair
if (document.cookie.match(re)) //if cookie found
 return document.cookie.match(re)[0].split("=")[1] //return its value
return null
},

setCookie:function(name, value){
document.cookie = name+"="+value
},

fadebuttons:function(config, currentpanel){
config.$leftnavbutton.fadeTo('fast', currentpanel==0? this.defaultbuttonsfade : 1)
config.$rightnavbutton.fadeTo('fast', currentpanel==config.lastvisiblepanel? this.defaultbuttonsfade : 1)
},

addnavbuttons:function(config, currentpanel){
config.$leftnavbutton=$('<img src="'+config.defaultbuttons.leftnav[0]+'">').css({zIndex:50, position:'absolute', left:config.offsets.left+config.defaultbuttons.leftnav[1]+'px', top:config.offsets.top+config.defaultbuttons.leftnav[2]+'px', cursor:'hand', cursor:'pointer'}).attr({title:'Back '+config.defaultbuttons.moveby+' panels'}).appendTo('body')
config.$rightnavbutton=$('<img src="'+config.defaultbuttons.rightnav[0]+'">').css({zIndex:50, position:'absolute', left:config.offsets.left+config.$gallery.get(0).offsetWidth+config.defaultbuttons.rightnav[1]+'px', top:config.offsets.top+config.defaultbuttons.rightnav[2]+'px', cursor:'hand', cursor:'pointer'}).attr({title:'Forward '+config.defaultbuttons.moveby+' panels'}).appendTo('body')
config.$leftnavbutton.bind('click', function(){ //assign nav button event handlers
 stepcarousel.stepBy(config.galleryid, -config.defaultbuttons.moveby)
})
config.$rightnavbutton.bind('click', function(){ //assign nav button event handlers
 stepcarousel.stepBy(config.galleryid, config.defaultbuttons.moveby)
})
if (config.panelbehavior.wraparound==false){ //if carousel viewer should stop at first or last panel (instead of wrap back or forth)
 this.fadebuttons(config, currentpanel)
}
},

alignpanels:function($, config){
var paneloffset=0
config.paneloffsets=[paneloffset] //array to store upper left offset of each panel (1st element=0)
config.panelwidths=[] //array to store widths of each panel
config.$panels.each(function(index){ //loop through panels
 var $currentpanel=$(this)
 $currentpanel.css({float: 'none', position: 'absolute', left: paneloffset+'px'}) //position panel
 $currentpanel.bind('click', function(e){return config.onpanelclick(e.target)}) //bind onpanelclick() to onclick event
 paneloffset+=stepcarousel.getCSSValue($currentpanel.css('marginRight')) + parseInt($currentpanel.get(0).offsetWidth || $currentpanel.css('width')) //calculate next panel offset
 config.paneloffsets.push(paneloffset) //remember this offset
 config.panelwidths.push(paneloffset-config.paneloffsets[config.paneloffsets.length-2]) //remember panel width
})
config.paneloffsets.pop() //delete last offset (redundant)
var addpanelwidths=0
var lastpanelindex=config.$panels.length-1
config.lastvisiblepanel=lastpanelindex
for (var i=config.$panels.length-1; i>=0; i--){
 addpanelwidths+=(i==lastpanelindex? config.panelwidths[lastpanelindex] : config.paneloffsets[i+1]-config.paneloffsets[i])
 if (config.gallerywidth>addpanelwidths){
  config.lastvisiblepanel=i //calculate index of panel that when in 1st position reveals the very last panel all at once based on gallery width
 }
}
config.$belt.css({width: paneloffset+'px'}) //Set Belt DIV to total panels' widths
config.currentpanel=(config.panelbehavior.persist)? parseInt(this.getCookie(window[config.galleryid+"persist"])) : 0 //determine 1st panel to show by default
config.currentpanel=(typeof config.currentpanel=="number" && config.currentpanel<config.$panels.length)? config.currentpanel : 0
if (config.currentpanel!=0){
 var endpoint=config.paneloffsets[config.currentpanel]+(config.currentpanel==0? 0 : config.beltoffset)
 config.$belt.css({left: -endpoint+'px'})
}
if (config.defaultbuttons.enable==true){ //if enable default back/forth nav buttons
 this.addnavbuttons(config, config.currentpanel)
 $(window).bind("load, resize", function(){ //refresh position of nav buttons when page loads/resizes, in case offsets weren't available document.oncontentload
  config.offsets={left:stepcarousel.getoffset(config.$gallery.get(0), "offsetLeft"), top:stepcarousel.getoffset(config.$gallery.get(0), "offsetTop")}
  config.$leftnavbutton.css({left:config.offsets.left+config.defaultbuttons.leftnav[1]+'px', top:config.offsets.top+config.defaultbuttons.leftnav[2]+'px'})
  config.$rightnavbutton.css({left:config.offsets.left+config.$gallery.get(0).offsetWidth+config.defaultbuttons.rightnav[1]+'px', top:config.offsets.top+config.defaultbuttons.rightnav[2]+'px'})
 })
}
this.statusreport(config.galleryid)
config.oninit()
config.onslideaction(this)
},

stepTo:function(galleryid, pindex){ /*User entered pindex starts at 1 for intuitiveness. Internally pindex still starts at 0 */
var config=stepcarousel.configholder[galleryid]
if (typeof config=="undefined"){
 alert("There's an error with your set up of Carousel Viewer \""+galleryid+ "\"!")
 return
}
var pindex=Math.min(pindex-1, config.paneloffsets.length-1)
var endpoint=config.paneloffsets[pindex]+(pindex==0? 0 : config.beltoffset)
if (config.panelbehavior.wraparound==false && config.defaultbuttons.enable==true){ //if carousel viewer should stop at first or last panel (instead of wrap back or forth)
 this.fadebuttons(config, pindex)
}
config.$belt.animate({left: -endpoint+'px'}, config.panelbehavior.speed, function(){config.onslideaction(this)})
config.currentpanel=pindex
this.statusreport(galleryid)
},

stepBy:function(galleryid, steps){
var config=stepcarousel.configholder[galleryid]
if (typeof config=="undefined"){
 alert("There's an error with your set up of Carousel Viewer \""+galleryid+ "\"!")
 return
}
var direction=(steps>0)? 'forward' : 'back' //If "steps" is negative, that means backwards
var pindex=config.currentpanel+steps //index of panel to stop at
if (config.panelbehavior.wraparound==false){ //if carousel viewer should stop at first or last panel (instead of wrap back or forth)
 pindex=(direction=="back" && pindex<=0)? 0 : (direction=="forward")? Math.min(pindex, config.lastvisiblepanel) : pindex
 if (config.defaultbuttons.enable==true){ //if default nav buttons are enabled, fade them in and out depending on if at start or end of carousel
  stepcarousel.fadebuttons(config, pindex)
 }
}
else{ //else, for normal stepBy behavior
pindex=(pindex>config.paneloffsets.length-1 || pindex<0 && pindex-steps>0)? 0 : (pindex<0)? config.paneloffsets.length+steps : pindex //take into account end or starting panel and step direction
}
var endpoint=config.paneloffsets[pindex]+(pindex==0? 0 : config.beltoffset) //left distance for Belt DIV to travel to
if (pindex==0 && direction=='forward' || config.currentpanel==0 && direction=='back' && config.panelbehavior.wraparound==true){ //decide whether to apply "push pull" effect
 config.$belt.animate({left: -config.paneloffsets[config.currentpanel]-(direction=='forward'? 100 : -30)+'px'}, 'normal', function(){
  config.$belt.animate({left: -endpoint+'px'}, config.panelbehavior.speed, function(){config.onslideaction(this)})
 })
}
else
 config.$belt.animate({left: -endpoint+'px'}, config.panelbehavior.speed, function(){config.onslideaction(this)})
config.currentpanel=pindex
this.statusreport(galleryid)
},

statusreport:function(galleryid){
var config=stepcarousel.configholder[galleryid]
var startpoint=config.currentpanel //index of first visible panel
var visiblewidth=0
for (var endpoint=startpoint; endpoint<config.paneloffsets.length; endpoint++){ //index (endpoint) of last visible panel
 visiblewidth+=config.panelwidths[endpoint]
 if (visiblewidth>config.gallerywidth){
  break
 }
}
startpoint+=1 //format startpoint for user friendiness
endpoint=(endpoint+1==startpoint)? startpoint : endpoint //If only one image visible on the screen and partially hidden, set endpoint to startpoint
var valuearray=[startpoint, endpoint, config.panelwidths.length]
for (var i=0; i<config.statusvars.length; i++){
 window[config.statusvars[i]]=valuearray[i] //Define variable (with user specified name) and set to one of the status values
 config.$statusobjs[i].text(valuearray[i]+" ") //Populate element on page with ID="user specified name" with one of the status values
}
},

setup:function(config){
//Disable Step Gallery scrollbars ASAP dynamically (enabled for sake of users with JS disabled)
document.write('<style type="text/css">\n#'+config.galleryid+'{overflow: hidden;}\n</style>')
jQuery(document).ready(function($){
 config.$gallery=$('#'+config.galleryid)
 config.gallerywidth=config.$gallery.width()
 config.offsets={left:stepcarousel.getoffset(config.$gallery.get(0), "offsetLeft"), top:stepcarousel.getoffset(config.$gallery.get(0), "offsetTop")}
 config.$belt=config.$gallery.find('.'+config.beltclass) //Find Belt DIV that contains all the panels
 config.$panels=config.$gallery.find('.'+config.panelclass) //Find Panel DIVs that each contain a slide
 config.onpanelclick=(typeof config.onpanelclick=="undefined")? function(target){} : config.onpanelclick //attach custom "onpanelclick" event handler
 config.onslideaction=(typeof config.onslide=="undefined")? function(){} : function(beltobj){$(beltobj).stop(); config.onslide()} //attach custom "onslide" event handler
 config.oninit=(typeof config.oninit=="undefined")? function(){} : config.oninit //attach custom "oninit" event handler
 config.beltoffset=stepcarousel.getCSSValue(config.$belt.css('marginLeft')) //Find length of Belt DIV's left margin
 config.statusvars=config.statusvars || []  //get variable names that will hold "start", "end", and "total" slides info
 config.$statusobjs=[$('#'+config.statusvars[0]), $('#'+config.statusvars[1]), $('#'+config.statusvars[2])]
 config.currentpanel=0
 stepcarousel.configholder[config.galleryid]=config //store config parameter as a variable
 if (config.contenttype[0]=="ajax" && typeof config.contenttype[1]!="undefined") //fetch ajax content?
  stepcarousel.getremotepanels($, config)
 else
  stepcarousel.alignpanels($, config) //align panels and initialize gallery
}) //end document.ready
jQuery(window).bind('unload', function(){ //clean up
 if (config.panelbehavior.persist){
  stepcarousel.setCookie(window[config.galleryid+"persist"], config.currentpanel)
 }
 jQuery.each(config, function(ai, oi){
  oi=null
 })
 config=null
})
}
}

//]]>
</script>

<style type='text/css'>
#myslides{
background:#2c3133;
}
.stepcarousel{
position: relative; /*leave this value alone*/
overflow: scroll; /*leave this value alone*/
width: 100%; /*Width of Carousel Viewer itself*/
height: 165px; /*Height should enough to fit largest content&#39;s height*/
margin: 0px 14px 5px 14px;
background:#2c3133;
}
.stepcarousel .belt{
position: absolute; /*leave this value alone*/
left: 0;
top: 0;
}
.stepcarousel .panel{
float: left; /*leave this value alone*/
overflow: hidden; /*clip content that go outside dimensions of holding panel DIV*/
margin: 10px 17px ; /*margin around each panel*/
width:202px; /*Width of each panel holding each content. If removed, widths should be individually defined on each content DIV then. */
background:#202325;
height:140px;
border:1px solid #393f42;
}
.stepcarousel .panel p{
text-align: left; /*leave this value alone*/
overflow: hidden; /*clip content that go outside dimensions of holding panel DIV*/
margin: 5px 5px ; /*margin around each panel*/
}
.stepcarousel .panel h2{
text-align: left; /*leave this value alone*/
height:20px;
overflow: hidden; /*clip content that go outside dimensions of holding panel DIV*/
margin: 2px 5px ; /*margin around each panel*/
font-size:16px;
font-weight:bold;
text-align:center;
font-family:Georgia,century gothic,Arial,verdana, sans-serif;
}
.stepcarousel .panel img{
float: left; /*leave this value alone*/
background:#040404; /*clip content that go outside dimensions of holding panel DIV*/
margin: 10px 10px 10px 10px; /*margin around each panel*/
padding:0px 0px;
}
</style>


<style type='text/css'>
#catmenucontainer{
width:1000px;
margin: 0 auto;
height:29px;
background:url(http://4.bp.blogspot.com/_4HKUHirY_2U/Swul0XJNShI/AAAAAAAAAT8/0MPzqd2ineY/catmenu.jpg) repeat-x;
display:block;
padding:0px 0 0px 0px;
font: 14px &quot;Century gothic&quot;,verdana, Arial, sans-serif;
font-weight:normal;
border-top:1px solid #686D6F;
}

#catmenu ,#catmenu ul {
margin: 0px 5px;
padding: 0px;
list-style: none;
height:29px;
}

#catmenu  a {
color: #999;
display: block;
font-weight: normal;
padding: 4px 10px 6px 10px;
text-decoration: none;
}

#catmenu  a:hover {
background:url(http://3.bp.blogspot.com/_4HKUHirY_2U/Swul3Dap3uI/AAAAAAAAAUE/DvKs0kZKwCA/catmenuhov.jpg) repeat-x;
color: #fff;
display: block;
text-decoration: none;
}

#catmenu  li {
float: left;
margin: 0px;
padding: 0px;
}

#catmenu  li li {
float: left;
margin: 0px 0px 0px 0px;
padding: 0px;
width: 130px;
}

#catmenu  li li a, #catmenu  li li a:link, #catmenu  li li a:visited {
background:url(http://4.bp.blogspot.com/_4HKUHirY_2U/Swul0XJNShI/AAAAAAAAAT8/0MPzqd2ineY/catmenu.jpg) repeat-x;
width: 150px;
float: none;
margin: 0px;
padding: 4px 10px 5px 10px;
color:#E8EBEE;
border-bottom:1px solid #2C3133;
text-decoration: none;
}

#catmenu  li li a:hover, #catmenu  li li a:active {
background:url(http://3.bp.blogspot.com/_4HKUHirY_2U/Swul3Dap3uI/AAAAAAAAAUE/DvKs0kZKwCA/catmenuhov.jpg) repeat-x;
width: 150px;
float: none;
margin: 0px;
padding: 4px 10px 5px 10px;
color:#fff;
border-bottom:1px solid #2C3133;
}

#catmenu  li ul {
position: absolute;
width: 10em;
left: -999em;
z-index:1;
}

#catmenu  li:hover ul {
left: auto;
display: block;
}

#catmenu  li:hover ul, #catmenu li.sfhover ul {
left: auto;
}
</style>

<style type='text/css'>
#search {
height:34px;
width:auto;
margin-top:-15px;
margin-bottom:10px;
padding:17px 5px 10px 15px;
width:311px;
background:url();
}
#search form {
margin: 0;
padding: 0;
}

#search fieldset {
margin: 0;
padding: 0;
border: none;
}

#search p {
margin: 0;
font-size: 85%;
}

#s {
margin-left:0px;
float: left;
width:210px;
padding: 6px 2px 6px 5px;
background:#fff url(http://3.bp.blogspot.com/_4HKUHirY_2U/SwN7CyGqi2I/AAAAAAAAANM/SkrrbPdThGU/s1600/sform.png) no-repeat;
border:none;
font: normal 100% &quot;Tahoma&quot;, Arial, Helvetica, sans-serif;
color:#C6C6C6;
}

#searchsubmit {
width:57px;
float: left;
background:#fff url(http://2.bp.blogspot.com/_4HKUHirY_2U/SwN68gRqCFI/AAAAAAAAANE/HYdbueuk378/sbutton.png);
border:none;
font: bold 100% &quot;century gothic&quot;, Arial, Helvetica, sans-serif;
color: #FFFFFF;
height:28px;
margin-left:5px;
}

</style>

<style type='text/css'>
.banner{
margin: 0px 5px 10px 0;
padding: 0px 0 0 0px;
width:98%;
border-left:0px solid #404548;
border-right:0px solid #404548;
border-bottom:0px solid #404548;
background:#ffffff;
float:left;
}
.bannerhead{
margin: 5px 0 0 0;
padding: 0px 0 0 0px;
width:298px;
height:30px;
background: #222627 url() no-repeat;
border-left:0px solid #404548;
border-right:0px solid #404548;
border-top:0px solid #404548;
}
.banner ul {
margin: 0px 0px;
padding: 0px 0px;
overflow: auto;
}
.banner li{
height:125px;
width:125px;
margin: 6px 6px ;
padding:5px 5px;
list-style:none;
display : block;
display:inline;
float:right;
background:#393f42;
}
.banner li a:link, .banner li a:visited {
text-decoration: none;
}
</style>

<style type='text/css'>
/*Page menu*/
#foxmenucontainer{height:30px; background:url(http://2.bp.blogspot.com/_4HKUHirY_2U/SxuQKW9jExI/AAAAAAAAAc8/2PggTKyf42Y/menu2.png) repeat; display:block; padding:0px 0 0px 0px; font: 10px Tahoma,Century gothic,verdana, Arial, sans-serif; font-weight:normal; text-transform:uppercase; overflow:hidden;margin: 0 auto;width:1000px; }

#menu{margin: 0 auto; padding: 0px 10px; width:1000px; background:url(http://2.bp.blogspot.com/_4HKUHirY_2U/SxuQKW9jExI/AAAAAAAAAc8/2PggTKyf42Y/menu2.png) repeat; height:30px; border-bottom:1px solid #dddddd; }

#menu ul {float: left; list-style: none; margin: 0px; padding: 0px; }

#menu li {float: left; list-style: none; margin: 0px; padding: 0px; }

#menu li a, #menu li a:link, #menu li a:visited {color: #444; display: block; margin: 0px; padding: 9px 15px 9px 15px; text-decoration: none; }

#menu li a:hover, #menu li a:active {background:#333A3F; color: #fff; margin: 0px; padding: 9px 15px 9px 15px; text-decoration: none; }

#menu li li a, #menu li li a:link, #menu li li a:visited {background:#202020; width: 150px; color: #bbb; font-size: 10px; font-family: tahoma, century gothic,Georgia,  sans-serif; font-weight: normal; float: none; margin: 0px; padding: 9px 10px 9px 10px; border-bottom: 1px solid #282828; }

#menu li li a:hover, #menu li li a:active {background: #121212 ; color: #fff; padding: 9px 10px 9px 10px; }

#menu li ul {z-index: 9999; position: absolute; left: -999em; height: auto; width: 170px; margin: 0px; padding: 0px; }

#menu li li { 	}

#menu li ul a {width: 140px;}

#menu li ul a:hover, #menu li ul a:active { }

#menu li ul ul {margin: -31px 0 0 170px; }

#menu li:hover ul ul, #menu li:hover ul ul ul,
#menu li.sfhover ul ul, #menu li.sfhover ul ul ul {left: -999em;}

#menu li:hover ul, #menu li li:hover ul, #menu li li li:hover ul, #menu li.sfhover ul, #menu li li.sfhover ul, #menu li li li.sfhover ul {left: auto; }

#menu li:hover, #menu li.sfhover {position: static;}

</style>

<b:if cond='data:blog.url == data:blog.homepageUrl'>

<style type='text/css'>

.post img {
padding:1px;
border:1px solid #cccccc;
}

.post img:hover {
border:1px solid #000000;
opacity: .75;
-moz-opacity: .75;
filter: alpha(opacity=75);
}

</style>

</b:if>


<b:if cond='data:blog.pageType == &quot;item&quot;'>
<style type='text/css'>
#related-posts {
float:center;
text-transform:none;
height:100%;
min-height:100%;
padding-top:5px;
padding-left:5px;
font-family:impact &quot;Segoe UI&quot;,Calibri,&quot;Myriad Pro&quot;,Myriad,&quot;Trebuchet MS&quot;,Helvetica,Arial,sans-serif;
}

#related-posts h2{
font-size: 1.6em;
font-weight: bold;
color: black;
font-family:impact &quot;Segoe UI&quot;,Calibri,&quot;Myriad Pro&quot;,Myriad,&quot;Trebuchet MS&quot;,Helvetica,Arial,sans-serif;
margin-bottom: 0.75em;
margin-top: 0em;
padding-top: 0em;
}
#related-posts a{
color:black;
text-decoration:none;
}
#related-posts a:hover{
color:black;
text-decoration:none;
}

#related-posts  a:hover {
background-color:#d4eaf2;
}
</style>
</b:if>

  </head>

  <body>
  <div id='outer-wrapper'><div id='wrap2'>

    <!-- skip links for text browsers -->
    <span id='skiplinks' style='display:none;'>
      <a href='#main'>skip to main </a> |
      <a href='#sidebar'>skip to sidebar</a>
    </span>

    <div id='header-wrapper'>

<div id='topbar'>
<ul>
<li><a expr:href='data:blog.homepageUrl + &quot;feeds/posts/default&quot;' rel='nofollow' target='_blank' title='Post RSS'>Posts RSS</a></li>
<li><a expr:href='data:blog.homepageUrl + &quot;feeds/comments/default&quot;' rel='nofollow' target='_blank' title='Comments RSS'>Comments RSS</a></li>
</ul>

<div id='headerdate56'>

<script type='text/javascript'>
//<![CDATA[

var mydate=new Date()
var year=mydate.getYear()
if (year < 1000)
year+=1900
var day=mydate.getDay()
var month=mydate.getMonth()
var daym=mydate.getDate()
if (daym<10)
daym="0"+daym
var dayarray=new Array("Sunday","Monday","Tuesday","Wednesday","Thursday","Friday","Saturday")
var montharray=new Array("January","February","March","April","May","June","July","August","September","October","November","December")
document.write("<p>"+dayarray[day]+", "+montharray[month]+" "+daym+", "+year+"</p>")

//]]>
</script>

</div>
</div>

<div id='crosscol-wrapper' style='text-align:center'>
        <b:section class='crosscol' id='crosscol5' showaddelement='yes'/>
      </div>


<b:section class='header' id='header' maxwidgets='1' showaddelement='yes'>
<b:widget id='Header1' locked='true' title='Paid Surveys (Header)' type='Header'>
<b:includable id='title'>
  <b:if cond='data:blog.url == data:blog.homepageUrl'>
    <data:title/>
  <b:else/>
    <a expr:href='data:blog.homepageUrl'><data:title/></a>
  </b:if>
</b:includable>
<b:includable id='description'>
  <div class='descriptionwrapper'>
    <p class='description'><span><data:description/></span></p>
  </div>
</b:includable>
<b:includable id='main'>
  <div class='titlewrapper'>
    <h1 class='title'>
      <b:if cond='data:blog.url == data:blog.homepageUrl'>
        <data:title/>
      <b:else/>
        <a expr:href='data:blog.homepageUrl'><data:title/></a>
      </b:if>
    </h1>
  </div>
  <div class='descriptionwrapper'>
    <p class='description'><span><data:description/></span></p>
  </div>
</b:includable>
</b:widget>
</b:section>

<b:section class='header' id='header2' maxwidgets='4' showaddelement='yes'/>
<div style='clear:both;'/>
</div><!-- end header-wrapper -->


<div id='catmenucontainer'>

<div id='catmenu'>

<ul>

<li><a expr:href='data:blog.homepageUrl'>Home</a></li>

<li><a href='Your-Link-Here' title='Link-Title'>Link-Name-1</a>
<ul class='children'>
<li><a href='Your-Link-Here' title='Link-Title'>Link-Name-1a</a></li>
<li><a href='Your-Link-Here' title='Link-Title'>Link-Name-1b</a></li>
<li><a href='Your-Link-Here' title='Link-Title'>Link-Name-1c</a></li>
</ul>
</li>

<li><a href='Your-Link-Here' title='Link-Title'>Link-Name-2</a>
<ul class='children'>
<li><a href='Your-Link-Here' title='Link-Title'>Link-Name-2a</a></li>
<li><a href='Your-Link-Here' title='Link-Title'>Link-Name-2b</a></li>
<li><a href='Your-Link-Here' title='Link-Title'>Link-Name-2c</a></li>
<li><a href='Your-Link-Here' title='Link-Title'>Link-Name-2d</a></li>
</ul>
</li>

<li><a href='Your-Link-Here' title='Link-Title'>Link-Name-3</a>
<ul class='children'>
<li><a href='Your-Link-Here' title='Link-Title'>Link-Name-3a</a></li>
<li><a href='Your-Link-Here' title='Link-Title'>Link-Name-3b</a></li>
<li><a href='Your-Link-Here' title='Link-Title'>Link-Name-3c</a></li>
</ul>
</li>

<li><a href='Your-Link-Here' title='Link-Title'>Link-Name-4</a></li>

<li><a href='Your-Link-Here' title='Link-Title'>Link-Name-5</a>
<ul class='children'>
<li><a href='Your-Link-Here' title='Link-Title'>Link-Name-5a</a></li>
<li><a href='Your-Link-Here' title='Link-Title'>Link-Name-5b</a></li>
<li><a href='Your-Link-Here' title='Link-Title'>Link-Name-5c</a></li>
<li><a href='Your-Link-Here' title='Link-Title'>Link-Name-5d</a></li>
</ul>
</li>

<li><a href='Your-Link-Here' title='Link-Title'>Link-Name-6</a>
<ul class='children'>
<li><a href='Your-Link-Here' title='Link-Title'>Link-Name-6a</a></li>
<li><a href='Your-Link-Here' title='Link-Title'>Link-Name-6b</a></li>
</ul>
</li>

<li><a href='Your-Link-Here' title='Link-Title'>Link-Name-7</a></li>

<li><a href='Your-Link-Here' title='Link-Title'>Link-Name-8</a></li>

</ul>

</div>

</div>


<div id='foxmenucontainer'>
<div id='menu'>

<ul>

<li><a expr:href='data:blog.homepageUrl'>Home</a></li>

<li><a href='Your-Link-Here' title='Link-Title'>Link-Name-1</a></li>

<li><a href='Your-Link-Here' title='Link-Title'>Link-Name-2</a></li>

<li><a href='Your-Link-Here' title='Link-Title'>Link-Name-3</a></li>

<li><a href='Your-Link-Here' title='Link-Title'>Link-Name-4</a></li>

<li><a href='Your-Link-Here' title='Link-Title'>Link-Name-5</a></li>

<li><a href='Your-Link-Here' title='Link-Title'>Link-Name-6</a></li>

<li><a href='Your-Link-Here' title='Link-Title'>Link-Name-7</a></li>

<li><a href='Your-Link-Here' title='Link-Title'>Link-Name-8</a></li>

<li><a href='Your-Link-Here' title='Link-Title'>Link-Name-9</a></li>

</ul>

</div>
</div>

<div class='clear'/>

<div id='crosscol-wrapper' style='text-align:center'>
        <b:section class='crosscol' id='crosscol4' showaddelement='yes'/>
</div>

    <div id='content-wrapper'>
	<div class='lsidebar-wrapper'>
        <b:section class='sidebar' id='sidebar1' preferred='yes'>
<b:widget id='Label1' locked='false' title='Categories' type='Label'>
<b:includable id='main'>
  <b:if cond='data:title'>
    <h2><data:title/></h2>
  </b:if>
  <div expr:class='&quot;widget-content &quot; + data:display + &quot;-label-widget-content&quot;'>
    <b:if cond='data:display == &quot;list&quot;'>
      <ul>
      <b:loop values='data:labels' var='label'>
        <li>
          <b:if cond='data:blog.url == data:label.url'>
            <span expr:dir='data:blog.languageDirection'><data:label.name/></span>
          <b:else/>
            <a expr:dir='data:blog.languageDirection' expr:href='data:label.url'><data:label.name/></a>
          </b:if>
          <b:if cond='data:showFreqNumbers'>
            <span dir='ltr'>(<data:label.count/>)</span>
          </b:if>
        </li>
      </b:loop>
      </ul>
    <b:else/>
      <b:loop values='data:labels' var='label'>
        <span expr:class='&quot;label-size label-size-&quot; + data:label.cssSize'>
          <b:if cond='data:blog.url == data:label.url'>
            <span expr:dir='data:blog.languageDirection'><data:label.name/></span>
          <b:else/>
            <a expr:dir='data:blog.languageDirection' expr:href='data:label.url'><data:label.name/></a>
          </b:if>
          <b:if cond='data:showFreqNumbers'>
            <span class='label-count' dir='ltr'>(<data:label.count/>)</span>
          </b:if>
        </span>
      </b:loop>
    </b:if>
    <b:include name='quickedit'/>
  </div>
</b:includable>
</b:widget>
</b:section>

</div>

      <div id='main-wrapper'>

<b:section class='sidebar' id='magazine-left2' showaddelement='yes'/>

<b:section class='sidebar' id='magazine-right2' showaddelement='yes'/>

<div style='clear: both;'/>

<b:section class='main' id='main' showaddelement='yes'>
<b:widget id='Blog1' locked='true' title='Blog Posts' type='Blog'>
<b:includable id='nextprev'>

<div class='blog-pager' id='blog-pager'>
    <b:if cond='data:newerPageUrl'>
      <span id='blog-pager-newer-link'>
      <a class='blog-pager-newer-link' expr:href='data:newerPageUrl' expr:id='data:widget.instanceId + &quot;_blog-pager-newer-link&quot;' expr:title='data:newerPageTitle'><img src='http://i626.photobucket.com/albums/tt346/wam8387/next_thumb5.png'/></a>
      </span>
    </b:if>

    <b:if cond='data:olderPageUrl'>
      <span id='blog-pager-older-link'>
      <a class='blog-pager-older-link' expr:href='data:olderPageUrl' expr:id='data:widget.instanceId + &quot;_blog-pager-older-link&quot;' expr:title='data:olderPageTitle'><img src='http://i626.photobucket.com/albums/tt346/wam8387/previous3.png'/></a>
      </span>
    </b:if>

    <b:if cond='data:blog.homepageUrl != data:blog.url'>
      <a class='home-link' expr:href='data:blog.homepageUrl'><img src='http://i626.photobucket.com/albums/tt346/wam8387/home7.png'/></a>
      <b:else/>
      <b:if cond='data:newerPageUrl'>
        <a class='home-link' expr:href='data:blog.homepageUrl'><img src='http://i626.photobucket.com/albums/tt346/wam8387/home7.png'/></a>
      </b:if>
    </b:if>

  </div>

  <div class='clear'/>
</b:includable>
<b:includable id='backlinks' var='post'>
  <a name='links'/><h4><data:post.backlinksLabel/></h4>
  <b:if cond='data:post.numBacklinks != 0'>
    <dl id='comments-block'>
      <b:loop values='data:post.backlinks' var='backlink'>
        <div class='collapsed-backlink backlink-control'>
          <dt class='comment-title'>
            <span class='backlink-toggle-zippy'>&#160;</span>
            <a expr:href='data:backlink.url' rel='nofollow'><data:backlink.title/></a>
            <b:include data='backlink' name='backlinkDeleteIcon'/>
          </dt>
          <dd class='comment-body collapseable'>
            <data:backlink.snippet/>
          </dd>
          <dd class='comment-footer collapseable'>
            <span class='comment-author'><data:post.authorLabel/>

<data:backlink.author/></span>
            <span class='comment-timestamp'><data:post.timestampLabel/>

<data:backlink.timestamp/></span>
          </dd>
        </div>
      </b:loop>
    </dl>
  </b:if>
  <p class='comment-footer'>
    <a class='comment-link' expr:href='data:post.createLinkUrl' id='b-backlink' target='_blank'><data:post.createLinkLabel/></a>
  </p>
</b:includable>
<b:includable id='post' var='post'>
  <div class='post uncustomized-post-template'>
    <a expr:name='data:post.id'/>
    <b:if cond='data:post.title'>
      <h3 class='post-title'>
      <b:if cond='data:post.url'>
        <a expr:href='data:post.url'><data:post.title/></a>
      <b:else/>
        <data:post.title/>
      </b:if>
      </h3>
    </b:if>

    <div class='post-header-line-1'/>

<b:if cond='data:blog.url == data:blog.homepageUrl'>

<p>
<span class='section-1'>
<b:if cond='data:top.showTimestamp'>
Posted On
<b:if cond='data:post.url'>
<data:post.timestamp/>
</b:if>
</b:if>

<b:if cond='data:top.showAuthor'>
by
<span class='fn'><data:post.author/></span>
</b:if> 
</span> 
	
<span class='nodisplay'>|</span>
	
<span class='section-2'>
<b:if cond='data:blog.pageType != &quot;item&quot;'>
<b:if cond='data:post.allowComments'>
<a class='comment-link' expr:href='data:post.addCommentUrl' expr:onclick='data:post.addCommentOnclick'><b:if cond='data:post.numComments == 1'>1 <data:top.commentLabel/><b:else/><data:post.numComments/> <data:top.commentLabelPlural/></b:if></a>
</b:if>
</b:if>
</span>
</p>

</b:if><br/>

    <div class='post-body'>

      <p><script type='text/javascript'>
summary_noimg = 300;
summary_img = 200;
img_thumb_height = 110;
img_thumb_width = 150; 
</script>
<script type='text/javascript'>
//<![CDATA[

function removeHtmlTag(strx,chop){ 
	if(strx.indexOf("<")!=-1)
	{
		var s = strx.split("<"); 
		for(var i=0;i<s.length;i++){ 
			if(s[i].indexOf(">")!=-1){ 
				s[i] = s[i].substring(s[i].indexOf(">")+1,s[i].length); 
			} 
		} 
		strx =  s.join(""); 
	}
	chop = (chop < strx.length-1) ? chop : strx.length-2; 
	while(strx.charAt(chop-1)!=' ' && strx.indexOf(' ',chop)!=-1) chop++; 
	strx = strx.substring(0,chop-1); 
	return strx+'...'; 
}

function createSummaryAndThumb(pID){
	var div = document.getElementById(pID);
	var imgtag = "";
	var img = div.getElementsByTagName("img");
	var summ = summary_noimg;
	if(img.length>=1) {	
		imgtag = '<span style="float:left; padding:0px 10px 5px 0px;"><img src="'+img[0].src+'" width="'+img_thumb_width+'px" height="'+img_thumb_height+'px"/></span>';
		summ = summary_img;
	}
	
	var summary = imgtag + '<div>' + removeHtmlTag(div.innerHTML,summ) + '</div>';
	div.innerHTML = summary;
}

//]]>
</script>
<b:if cond='data:blog.pageType != &quot;item&quot;'>
<div expr:id='&quot;summary&quot; + data:post.id'><data:post.body/></div>
<script type='text/javascript'>createSummaryAndThumb(&quot;summary<data:post.id/>&quot;);</script>
<span class='rmlink' style='float:right'><a expr:href='data:post.url'><img src='http://1.bp.blogspot.com/_4HKUHirY_2U/Sx5VC7ah_tI/AAAAAAAAAdE/w-4iqXOiFz8/readmore-button.png' style='border-style:none;'/></a></span>
</b:if>
<b:if cond='data:blog.pageType == &quot;item&quot;'><data:post.body/></b:if></p>


<b:if cond='data:blog.pageType == &quot;item&quot;'>
<div style='clear:both; '>
<div style='width:60px; float:left;'>
<script type='text/javascript'>
digg_url = &#39;<data:post.url/>&#39;;
</script>
<script src='http://digg.com/tools/diggthis.js' type='text/javascript'/>
</div>
<div style='width:60px; float:left;'>
<script badgetype='square' src='http://d.yimg.com/ds/badge2.js' type='text/javascript'><data:post.url/></script>
</div>
<div style='width:65px; float:left;'>
<a expr:href='&quot;http://www.stumbleupon.com/submit?url=&quot; + data:post.url + &quot;&amp;title=&quot; + data:post.title' rel='external nofollow' target='_blank'><img alt='Stumble' src='http://s310.photobucket.com/albums/kk426/magznetwork/socialbig/stumble.gif' style='padding:0;margin:0;border:none;'/></a>
</div>
<div style='width:65px; float:left;'>
<a expr:href='&quot;http://del.icio.us/post?url=&quot; + data:post.url + &quot;&amp;title=&quot; + data:post.title' rel='external nofollow' target='_blank'><img alt='Delicious' src='http://s310.photobucket.com/albums/kk426/magznetwork/socialbig/delicious.gif' style='padding:0;margin:0;border:none;'/></a>
</div>
<div style='width:65px; float:left;'>
<a expr:href='&quot;http://technorati.com/faves?add=&quot; + data:post.url' rel='external nofollow' target='_blank'><img alt='Technorati' src='http://s310.photobucket.com/albums/kk426/magznetwork/socialbig/technorati.gif' style='padding:0;margin:0;border:none;'/></a>
</div>
<div style='width:65px; float:left;'>
<a expr:href='&quot;http://twitthis.com/twit?url=&quot; + data:post.url' rel='external nofollow' target='_blank'><img alt='Twitter' src='http://s310.photobucket.com/albums/kk426/magznetwork/socialbig/twitter.gif' style='padding:0;margin:0;border:none;'/></a>
</div>
<div style='width:65px; float:left;'>
<a expr:href='&quot;http://www.facebook.com/sharer.php?u=&quot; + data:post.url + &quot;&amp;t=&quot; + data:post.title' rel='external nofollow' target='_blank'><img alt='Facebook' src='http://s310.photobucket.com/albums/kk426/magznetwork/socialbig/facebook.gif' style='padding:0;margin:0;border:none;'/></a>
</div>
</div>
</b:if><br/>

<script src='http://blogger-related-posts.googlecode.com/files/related-posts-widget-1.0.js' type='text/javascript'/>

<script type='text/javascript'>
relatedPostsWidget({
&#39;containerSelector&#39;:&#39;div.post-body&#39;
,&#39;loadingText&#39;:&#39;loading...&#39;
});</script>

      <div style='clear: both;'/> <!-- clear for photos floats -->
    </div>
    <div class='post-footer'>
    <p class='post-footer-line post-footer-line-1'>


<b:if cond='data:blog.pageType == &quot;item&quot;'>

      <span class='post-comment-link'>
        <b:if cond='data:blog.pageType != &quot;item&quot;'>

          <b:if cond='data:post.allowComments'>
            <a class='comment-link' expr:href='data:post.addCommentUrl' expr:onclick='data:post.addCommentOnclick'><b:if cond='data:post.numComments == 1'>1

<data:top.commentLabel/><b:else/><data:post.numComments/>

<data:top.commentLabelPlural/></b:if></a>
          </b:if>
        </b:if>
      </span>

</b:if>

       <!-- backlinks -->
       <span class='post-backlinks post-comment-link'>
         <b:if cond='data:blog.pageType != &quot;item&quot;'>
           <b:if cond='data:post.showBacklinks'>
             <a class='comment-link' expr:href='data:post.url +   &quot;#links&quot;'><data:top.backlinkLabel/></a>
           </b:if>
         </b:if>
       </span>

      <span class='post-icons'>
        <!-- email post links -->
        <b:if cond='data:post.emailPostUrl'>
          <span class='item-action'>
          <a expr:href='data:post.emailPostUrl' title='Email Post'>
            <span class='email-post-icon'>&#160;</span>
          </a>
          </span>
        </b:if>

        <!-- quickedit pencil -->
        <b:include data='post' name='postQuickEdit'/>
      </span>
      </p>

      <p class='post-footer-line post-footer-line-2'>

<b:if cond='data:blog.pageType == &quot;item&quot;'>

      <span class='post-labels'>
        <b:if cond='data:post.labels'>
          <data:postLabelsLabel/>
          <b:loop values='data:post.labels' var='label'>
            <a expr:href='data:label.url' rel='tag'><data:label.name/></a><b:if cond='data:label.isLast != &quot;true&quot;'>,</b:if>
          </b:loop>
        </b:if>
      </span>

</b:if>


      </p>

      <p class='post-footer-line post-footer-line-3'/>
    </div>
  </div>
</b:includable>
<b:includable id='status-message'>
  <b:if cond='data:navMessage'>
  <div class='status-msg-wrap'>
    <div class='status-msg-body'>
      <data:navMessage/>
    </div>
    <div class='status-msg-border'>
      <div class='status-msg-bg'>
        <div class='status-msg-hidden'><data:navMessage/></div>
      </div>
    </div>
  </div>
  <div style='clear: both;'/>
  </b:if>
</b:includable>
<b:includable id='comment-form' var='post'>
  <div class='comment-form'>
    <a name='comment-form'/>
    <h4 id='comment-post-message'><data:postCommentMsg/></h4>
    <p><data:blogCommentMessage/></p>
    <data:blogTeamBlogMessage/>
    <a expr:href='data:post.commentFormIframeSrc' id='comment-editor-src'/>
    <iframe allowtransparency='true' class='blogger-iframe-colorize blogger-comment-from-post' frameborder='0' height='410' id='comment-editor' name='comment-editor' src='' width='100%'/>
    <data:post.friendConnectJs/>
    <data:post.cmtfpIframe/>
    <script type='text/javascript'>
      BLOG_CMT_createIframe(&#39;<data:post.appRpcRelayPath/>&#39;, &#39;<data:post.communityId/>&#39;);
    </script>
  </div>
</b:includable>
<b:includable id='backlinkDeleteIcon' var='backlink'>
  <span expr:class='&quot;item-control &quot; + data:backlink.adminClass'>
    <a expr:href='data:backlink.deleteUrl' title='Delete Backlink'>
      <span class='delete-comment-icon'>&#160;</span>
    </a>
  </span>
</b:includable>
<b:includable id='postQuickEdit' var='post'>
  <b:if cond='data:post.editUrl'>
    <span expr:class='&quot;item-control &quot; + data:post.adminClass'>
      <a expr:href='data:post.editUrl' title='Edit Post'>
        <span class='quick-edit-icon'>&#160;</span>
      </a>
    </span>
  </b:if>
</b:includable>
<b:includable id='main' var='top'>
  <!-- posts -->
  <div id='blog-posts'>
    <b:loop values='data:posts' var='post'>


<b:include data='post' name='breadcrumbs'/>


      <b:if cond='data:post.dateHeader'>
        <h2 class='date-header'><data:post.dateHeader/></h2>
      </b:if>
      <b:include data='post' name='post'/>
      <b:if cond='data:blog.pageType == &quot;item&quot;'>
        <b:if cond='data:post.allowComments'>
          <b:include data='post' name='comments'/>
        </b:if>
      </b:if>
    </b:loop>
  </div>

  <!-- navigation -->
  <b:include name='nextprev'/>

  <!-- feed links -->
  
</b:includable>
<b:includable id='breadcrumbs' var='post'>
<!-- Breadcrumbs hack. By Hoctro 9/11/2006 http://hoctro.blogspot.com -->
<!-- Updated by PurpleMoggy 12/02/2006 http://purplemoggy.blogspot.com -->
  <b:if cond='data:blog.pageType == &quot;item&quot;'>
      <p class='breadcrumbs'>
      <span class='post-labels'>
          Browse: 
          <a expr:href='data:blog.homepageUrl' rel='tag'>Home</a>
<script type='text/javascript'>
//<![CDATA[
 var strCrumbHref = location.href.toLowerCase();
 var intCrumbHtml = strCrumbHref.indexOf('.html');
 var intCrumbWhereAt = strCrumbHref.lastIndexOf('/', intCrumbHtml);
 var intCrumbYearStart = intCrumbWhereAt - 7;
 var intCrumbMonthStart = intCrumbWhereAt - 2;
 var intCrumbYear = parseInt(strCrumbHref.substr(intCrumbYearStart, 4));
 var intCrumbYearPlusOne = intCrumbYear + 1;
 var strCrumbMonthNum = strCrumbHref.substr(intCrumbMonthStart, 2);
 var strCrumbMonth = '';
 switch(strCrumbMonthNum) {
 case '01':
   strCrumbMonth = 'January';
   break;
 case '02':
   strCrumbMonth = 'February';
   break;
 case '03':
   strCrumbMonth = 'March';
   break;
 case '04':
   strCrumbMonth = 'April';
   break;
 case '05':
   strCrumbMonth = 'May';
   break;
 case '06':
   strCrumbMonth = 'June';
   break;
 case '07':
   strCrumbMonth = 'July';
   break;
 case '08':
   strCrumbMonth = 'August';
   break;
 case '09':
   strCrumbMonth = 'September';
   break;
 case '10':
   strCrumbMonth = 'October';
   break;
 case '11':
   strCrumbMonth = 'November';
   break;
 case '12':
   strCrumbMonth = 'December';
   break;
 }
 var strCrumbOutput = ' &gt; ';
 strCrumbOutput += '<a href="/search?updated-min=' + intCrumbYear;
 strCrumbOutput += '-01-01T00%3A00%3A00-08%3A00&updated-max=' + intCrumbYearPlusOne;
 strCrumbOutput += '-01-01T00%3A00%3A00-08%3A00&max-results=50">' + intCrumbYear + '</a> &gt; ';
 strCrumbOutput += '<a href="/' + intCrumbYear + '_' + strCrumbMonthNum + '_01_archive.html">' + strCrumbMonth + '</a>';
 document.write(strCrumbOutput);
//]]>
</script>
<noscript>
        <b:if cond='data:post.labels'>
           &gt;
          <b:loop values='data:post.labels' var='label'>
            <b:if cond='data:label.isLast == &quot;true&quot;'>
              <a expr:href='data:label.url' rel='tag'> <data:label.name/></a>
            </b:if>
          </b:loop>
        </b:if>
</noscript>
          <b:if cond='data:post.title'>
            &gt;  <b><data:post.title/></b>
          </b:if>
      </span>
      </p>
  </b:if>
<!-- End of Breadcrumbs Hack -->
</b:includable>
<b:includable id='commentDeleteIcon' var='comment'>
  <span expr:class='&quot;item-control &quot; + data:comment.adminClass'>
    <a expr:href='data:comment.deleteUrl' title='Delete Comment'>
      <span class='delete-comment-icon'>&#160;</span>
    </a>
  </span>
</b:includable>
<b:includable id='feedLinks'>
  <b:if cond='data:blog.pageType != &quot;item&quot;'> <!-- Blog feed links -->
    <b:if cond='data:feedLinks'>
      <div id='blog-feeds'>
        <b:include data='feedLinks' name='feedLinksBody'/>
      </div>
    </b:if>

    <b:else/> <!--Post feed links -->
    <div id='post-feeds'>
      <b:loop values='data:posts' var='post'>
        <b:if cond='data:post.allowComments'>
          <b:if cond='data:post.feedLinks'>
            <b:include data='post.feedLinks' name='feedLinksBody'/>
          </b:if>
        </b:if>
      </b:loop>
    </div>
  </b:if>
</b:includable>
<b:includable id='feedLinksBody' var='links'>
  <div class='feed-links'>
  Subscribe to:
  <b:loop values='data:links' var='f'>
     <a class='feed-link' expr:href='data:f.url' expr:type='data:f.mimeType' target='_blank'><data:f.name/> (<data:f.feedType/>)</a>
  </b:loop>
  </div>
</b:includable>
<b:includable id='comments' var='post'>
  <div id='comments'>
    <a name='comments'/>
    <h4>
      <b:if cond='data:post.numComments == 1'>
        1 Comment:
      <b:else/>
        <data:post.numComments/> Comments:
      </b:if>
    </h4>

    <dl id='comments-block'>
      <b:loop values='data:post.comments' var='comment'>
        <dt class='comment-author' expr:id='&quot;comment-&quot; + data:comment.id'>
          <a expr:name='&quot;comment-&quot; + data:comment.id'/>
          <b:if cond='data:comment.authorUrl'>
            <a expr:href='data:comment.authorUrl' rel='nofollow'><data:comment.author/></a>
          <b:else/>
            <data:comment.author/>
          </b:if>
          said...
        </dt>
        <dd class='comment-body'>
          <b:if cond='data:comment.isDeleted'>
            <span class='deleted-comment'><data:comment.body/></span>
          <b:else/>
            <p><data:comment.body/></p>
          </b:if>
        </dd>
        <dd class='comment-footer'>
          <span class='comment-timestamp'>
            <a expr:href='&quot;#comment-&quot; + data:comment.id' title='comment permalink'>
              <data:comment.timestamp/>
            </a>
            <b:include data='comment' name='commentDeleteIcon'/>
          </span>

        </dd>
      </b:loop>
    </dl>

    <p class='comment-footer'> <b:if cond='data:post.embedCommentForm'> <b:include data='post' name='comment-form'/> <b:else/> <b:if cond='data:post.allowComments'> <a expr:href='data:post.addCommentUrl' expr:onclick='data:post.addCommentOnclick'><data:postCommentMsg/></a> </b:if> </b:if> </p>

    <div id='backlinks-container'>
       <b:if cond='data:post.showBacklinks'>
         <b:include data='post' name='backlinks'/>
       </b:if>
    </div>
  </div>
</b:includable>
</b:widget>
</b:section>

<b:section class='sidebar' id='magazine-left' showaddelement='yes'/>

<b:section class='sidebar' id='magazine-right' showaddelement='yes'/>

<div style='clear: both;'/>

</div>

      <div class='rsidebar-wrapper'>

<div id='search'>
<form action='http://YOURBLOG.blogspot.com/search' id='searchform' method='get' style='display:inline;'>
<input id='s' name='q' type='text' value=''/>
<input id='searchsubmit' type='submit' value=''/>
</form>
</div>

<!-- Banner -->
<div class='banner'>
<ul>
<li><a href='http://themeforest.net/' rel='bookmark' title=''><img alt='' src='http://1.bp.blogspot.com/_4HKUHirY_2U/SyBazBwWNuI/AAAAAAAAAes/js6ROskR9bo/Copy+of+TF_125x125.jpg'/></a></li>
<li><a href='http://themeforest.net/' rel='bookmark' title=''><img alt='' src='http://1.bp.blogspot.com/_4HKUHirY_2U/SyBazBwWNuI/AAAAAAAAAes/js6ROskR9bo/Copy+of+TF_125x125.jpg'/></a></li>
<li><a href='http://themeforest.net/' rel='bookmark' title=''><img alt='' src='http://1.bp.blogspot.com/_4HKUHirY_2U/SyBazBwWNuI/AAAAAAAAAes/js6ROskR9bo/Copy+of+TF_125x125.jpg'/></a></li>
<li><a href='http://themeforest.net/' rel='bookmark' title=''><img alt='' src='http://1.bp.blogspot.com/_4HKUHirY_2U/SyBazBwWNuI/AAAAAAAAAes/js6ROskR9bo/Copy+of+TF_125x125.jpg'/></a></li>
</ul>
</div>
<!-- /Banner -->
<div style='clear:both;'/>


<!-- Tabzine -->
<div class='widgets' id='tabzine'>
<ul class='tabnav'>
<li class='pop'><a href='#tab11'>Video</a></li>
<li class='fea'><a href='#tab22'>Recent</a></li>
<li class='rec'><a href='#tab33'>Popular</a></li>
</ul>

<!-- tab1 -->
<div class='tabdiv' id='tab11'>
<b:section class='sidebar5' id='sidebar5' preferred='yes'>
<b:widget id='HTML223' locked='false' title='' type='HTML'>
<b:includable id='main'>
  <!-- only display title if it's non-empty -->
  <b:if cond='data:title != &quot;&quot;'>
    <h2 class='title'><data:title/></h2>
  </b:if>
  <div class='widget-content'>
    <data:content/>
  </div>

  <b:include name='quickedit'/>
</b:includable>
</b:widget>
</b:section>
</div>
<!--/tab1-->

<!-- tab2 -->
<div class='tabdiv' id='tab22'>
<b:section class='sidebar4' id='sidebar4' preferred='yes'>
<b:widget id='HTML323' locked='false' title='' type='HTML'>
<b:includable id='main'>
  <!-- only display title if it's non-empty -->
  <b:if cond='data:title != &quot;&quot;'>
    <h2 class='title'><data:title/></h2>
  </b:if>
  <div class='widget-content'>
    <data:content/>
  </div>

  <b:include name='quickedit'/>
</b:includable>
</b:widget>
</b:section>
</div>
<!-- tab2 -->

<!-- tab3 -->
<div class='tabdiv' id='tab33'>
<b:section class='sidebar3' id='sidebar3' preferred='yes'>
<b:widget id='HTML423' locked='false' title='' type='HTML'>
<b:includable id='main'>
  <!-- only display title if it's non-empty -->
  <b:if cond='data:title != &quot;&quot;'>
    <h2 class='title'><data:title/></h2>
  </b:if>
  <div class='widget-content'>
    <data:content/>
  </div>

  <b:include name='quickedit'/>
</b:includable>
</b:widget>
</b:section>
</div>
<!-- /tab3 -->

</div>
<!-- /Tabzine -->

<div style='clear:both;'/>


<b:section class='sidebar' id='sidebar2' preferred='yes'/>

<b:section class='sidebar' id='magazine-left4' showaddelement='yes'/>

<b:section class='sidebar' id='magazine-right4' showaddelement='yes'/>

<div style='clear: both;'/>

<b:section class='sidebar' id='sidebar246' preferred='yes'/>

<div style='clear: both;'/>

</div>

      <!-- spacer for skins that want sidebar and main to be the same height-->
      <div class='clear'>&#160;</div>

    </div> <!-- end content-wrapper -->

<div id='crosscol-wrapper' style='text-align:center'>
        <b:section class='crosscol' id='crosscol6' showaddelement='yes'/>
      </div>

    <div id='footer-wrapper'>

<div id='footer-column-container'>
<div id='footer2' style='width: 33%; float: left; margin:0; text-align: left;'>
<b:section class='footer-column' id='col1' preferred='yes' style='float:left;'/>
</div>
<div id='footer3' style='width: 33%; float: left; margin:0; text-align: left;'>
<b:section class='footer-column' id='col2' preferred='yes' style='float:left;'/>
</div>
<div id='footer4' style='width: 33%; float: left; margin:0; text-align: left;'>
<b:section class='footer-column' id='col3' preferred='yes' style='float:right;'/>
</div>
<div style='clear:both;'/>

<div id='footer-bottom' style='text-align: center; padding: 10px; text-transform: lowercase;'>
<b:section class='footer' id='col-bottom' preferred='yes'/>
</div>
<div style='clear:both;'/>
</div>
      
    </div>

  </div></div> <!-- end outer-wrapper -->

<!--Do Not Remove Footer Credits-->
<div id='credit'>

<p><a expr:href='data:blog.homepageUrl'><data:blog.title/></a> Copyright &#169; 2010 <a href='http://www.premiumbloggertemplates.com/' target='_blank'>LKart Theme</a> is Designed by <a href='http://www.bloggertipandtrick.net/' target='_blank'>Lasantha</a></p>

</div>
<!--End Footer Credits-->

</body>
</html>